Bug_ID,Project,Bug_Number,Category,Unique_Commit_Count,Commit_Hashes,Total_Blameable_Lines,Successful_Blames,Failed_Blames,Is_Blameless,Error
tqdm_1,tqdm,1,SL,1,f8f06a986c0a1aa06a0e04af4cf80eea75241bc0,1,1,0,False,
tqdm_2,tqdm,2,MFMH,2,"74a645b03a5dd38f9a7b0b8752432ff5acb75037,bef86db56654d271838b145ad77f7040a73a7b4d",6,6,0,False,
tqdm_3,tqdm,3,SH,0,,0,0,0,True,
tqdm_4,tqdm,4,SH,1,ca7e960f617537f93d5bf0b2523833f0810a729e,1,1,0,False,
tqdm_5,tqdm,5,SFMH,2,"cb668bea0f29bde2980bb709f1236e97847df54b,ccb05c2e041bbb2f9b3acccb2a80b48993d36f12",6,6,0,False,
tqdm_6,tqdm,6,SL,1,58fcb2fcc6e1eb2ad00260a3997d90b0c55603df,1,1,0,False,
tqdm_7,tqdm,7,SL,1,19c86d572223d12eccc5d41e5e2b0f4800608fbf,1,1,0,False,
tqdm_8,tqdm,8,SL,1,08b8ad1ff3bd003ef8309faaa0cc108ffa40317d,1,1,0,False,
tqdm_9,tqdm,9,SFMH,4,"66672fe244165e43ce0f0971e0c8cad9093042bc,9da1d5d116aec7a23d8f6dc22d5e23ecb1c40a7c,cb668bea0f29bde2980bb709f1236e97847df54b,ee6c3ce95c4452b4829f2e6685334386ad8fda51",8,8,0,False,
scrapy_1,scrapy,1,SFMH,2,"6e9fa3a41ffbb97af226b72487ddf8b32af19a9d,91ff194d1e9477d2196817ea1dc8beb220c3e058",2,2,0,False,
scrapy_2,scrapy,2,SH,1,c59340150f60209af63677349449746a6c0fdebf,2,2,0,False,
scrapy_3,scrapy,3,SFMH,2,"6f7efa1d1df5e1042fd654fe5aae74ab864b1c4d,db408528928b2d15043593032913fe40d6eb6783",2,2,0,False,
scrapy_4,scrapy,4,SL,1,7130df2d96836467c33f87196699076f159df9f0,1,1,0,False,
scrapy_5,scrapy,5,SH,0,,0,0,0,True,
scrapy_6,scrapy,6,SH,0,,0,0,0,True,
scrapy_7,scrapy,7,SFMH,2,"4f24e724a3767946e0911009878c708285ff297f,c34dbe955d1a72ddef97afa1f0fb92becd9f4ca3",2,2,0,False,
scrapy_8,scrapy,8,SFMH,0,,0,0,0,True,
scrapy_9,scrapy,9,SFMH,0,,0,0,0,True,
scrapy_10,scrapy,10,SFMH,2,"81950f773d588000ef2bbe720caa0c2fc4d3f0df,b06d0706e6644187b4c4a6f7ac80e8adbf376907",3,3,0,False,
scrapy_11,scrapy,11,SL,1,ee4fadc00724f02f9098625ac4d72fb29eac4dcf,1,1,0,False,
scrapy_12,scrapy,12,SH,0,,0,0,0,True,
scrapy_13,scrapy,13,SL,1,4cef1a1d0060148716ffec4ad6ce9bf709ad1ea2,1,1,0,False,
scrapy_14,scrapy,14,SFMH,2,"1f2233837a4219d02be73dc0836dfc885d47fffb,d5984bbea99f81765596e1aa57d03aff51612576",2,2,0,False,
scrapy_15,scrapy,15,SFMH,1,68dedf54cb27847f6d035099b61aa06226549fad,1,1,0,False,
scrapy_16,scrapy,16,SFMH,8,"0d3e4b4c43711c4b02db6813ebad99933ee8858d,29c3715c5a11d93d9019d6792b92692e685e4f4f,30803b9e89427f70fae5e5d809ddc8940b33984a,33a7c1d4380944d0a6e2efc017b85b1341fc72a3,af842a3e6ddc77e68d67bd332a20d111802a1c2f,cd85c12c3383ea185d24c9023c33076081cce7a9,dc88be75e26cf970f65cd5c3c7f5908cb4b68834,f576b3ffeeb86ceb88631e14dd56ea5b96f53e35",16,16,0,False,
scrapy_17,scrapy,17,SFMH,3,"1ead888db879fa8861875f59ff204b75ae778821,7eaa3ed24dbd5ef3062017233ced2256f4d31e53,faf9265c91e35c2e14c4fb78731ec694cce63d56",7,7,0,False,
scrapy_18,scrapy,18,SH,1,9d17d594712fdfd0da9e240c79901f7cb8d1441f,1,1,0,False,
scrapy_19,scrapy,19,SFMH,3,"52d198afc9088b7d89598c8ccdc92e8642b5e5f4,5861b345c72c817a53148316fdc1dc351af5d186,5f02ef82e8560242eb34b336f385addfdef3211d",3,3,0,False,
scrapy_20,scrapy,20,SL,1,57c43fdce6809382b360e1dff61b1289d62ce679,1,1,0,False,
scrapy_21,scrapy,21,SH,1,9ce9a293a6e0eefcb43f61d38d5f7ccc655d7889,1,1,0,False,
scrapy_22,scrapy,22,SFMH,1,56b292e057d4a923b3af9e739758946d30782e17,1,1,0,False,
scrapy_23,scrapy,23,MFMH,4,"18b6fecc474b11f4670d7140b5cc63c82cdbaf12,7eaa3ed24dbd5ef3062017233ced2256f4d31e53,bc64ca3e1372e40b8b89bbacac23a18661cdcf15,f1c943543a81f051576d3818df0fa15d2d7f0572",7,7,0,False,
scrapy_24,scrapy,24,SFMH,3,"7f053cc1d27d565c8a44f4135949087d3197e18f,88bec496f2b1a1e83b2a55dc1155988ebc7c08f0,a9c7f8b26d10aead103d9b65f5f58eb0217989d5",5,5,0,False,
scrapy_25,scrapy,25,SFMH,2,"26ebccd37a22e15eb522d6e7d979fd816ebbcdd8,f6a0ac8325fbd442875b54dc3f5a12f5454123be",2,2,0,False,
scrapy_26,scrapy,26,SFMH,2,"26586ef5a605c6f6a23143b22812779857cd4e3e,bb6dee611ca72cda61d0daa12880c5d4c5aba9c8",6,6,0,False,
scrapy_27,scrapy,27,SH,1,c908d3166015a9014b3b4ece54f313614cc43032,1,1,0,False,
scrapy_28,scrapy,28,SL,0,,0,0,0,True,
scrapy_29,scrapy,29,SL,1,7874bb9f13cc4ec797925adc99bf58742071ed6c,1,1,0,False,
scrapy_30,scrapy,30,MFMH,3,"1d726063d6b241c96444094551583698ae156e0e,3c6deaeffcc2f485d287d2aa02a6c643c073df9f,b11e11037f94f6fc23c5fd4052108edda6b57d05",7,7,0,False,
scrapy_31,scrapy,31,SFMH,1,5f02ef82e8560242eb34b336f385addfdef3211d,3,3,0,False,
scrapy_32,scrapy,32,SH,1,8baad552676de1ea0f3789a03279a025ed26f17e,2,2,0,False,
scrapy_33,scrapy,33,MFMH,7,"1d8f8221e6234959f0be4673a80b142451d59bc3,21b9f377d6d09cfc3bc88d1c09decce9bf75c8ff,4858af4e946919b80de6e67204f5a2925bc85800,7a958f90bef3e6a1ab51bfb04260ed6186f38924,83dcf8aff91d0178ffbf4978fb757fc7e6d5d08c,919d7c4062f815f2ea6e5e8f606a24a01f6359bd,c174d78f1221d65affcd94b72cfccee8d63cdf1b",49,49,0,False,
scrapy_34,scrapy,34,SFMH,1,e8504a054cf1ab8e5887561f79101bac9803aad4,1,1,0,False,
scrapy_35,scrapy,35,SH,1,403e7c7c7059486c5a4c59f900a65378de2ba3d2,2,2,0,False,
scrapy_36,scrapy,36,SFMH,1,815d6160cfac5c0b764d01fc9d4ebc4ab7793aac,3,3,0,False,
scrapy_37,scrapy,37,SL,1,c4a607fc787b2b1d61bf309c98dc9ced38d9d445,1,1,0,False,
scrapy_38,scrapy,38,SH,2,"650acad2b73c1abafe8ff95808b4d77b65ef67cb,ebfdb9bb03fd876bf519535dd57ec0816e0c3c2a",3,3,0,False,
scrapy_39,scrapy,39,SFMH,1,692975acb40c6394424dfb728b1ffa46b3b3c55d,4,4,0,False,
scrapy_40,scrapy,40,SH,1,c76190d491fca9f35b6758bdc06c34d77f5d9be9,4,4,0,False,
fastapi_1,fastapi,1,MFMH,7,"0e19c24014c96e241bd73bede2805e21fc20c9d8,6c6bdb62337ab2e05438d99fce66113e375ddb04,955e9fcb3198e1f34c562fc240591df783ae1725,9745a5d1ae86a7fefacf79bdde8e5dd2d59fa2f4,addfa89b0f750abc193f62be8e457fc487b842ee,aea04ee32ee1942e6e1a904527bb8da6ba76abd9,b9d912c6380661647b51c322820fcb4ba08f32d2",16,16,0,False,
fastapi_2,fastapi,2,SH,1,b087246f2649e1b30545693d7b850e5f277c3a29,1,1,0,False,
fastapi_3,fastapi,3,SFMH,2,"ab2b86fe2ce8fe15e91aaec179438e24ff7b7ed0,e26f94018c1a0c2be1c683247749edac2f607951",7,7,0,False,
fastapi_4,fastapi,4,SH,1,804ec460fcb8761a101785d25762d1b20ef9b55f,1,1,0,False,
fastapi_5,fastapi,5,SL,1,aa84ac8e3e305d76e71c0c1b31237517948fa12f,1,1,0,False,
fastapi_6,fastapi,6,SH,1,693962173071ed99cdcdc1fca9b982144a6669bf,3,3,0,False,
fastapi_7,fastapi,7,SFMH,1,62af6e0eeb80672158d09260d3f341dcc08616bf,1,1,0,False,
fastapi_8,fastapi,8,SFMH,1,c70f3f119885d299c2987ee86a1e867beeb9ff3d,1,1,0,False,
fastapi_9,fastapi,9,SFMH,1,b9d912c6380661647b51c322820fcb4ba08f32d2,1,1,0,False,
fastapi_10,fastapi,10,SH,0,,0,0,0,True,
fastapi_11,fastapi,11,SFMH,1,bd407cc4ed81b21e4287735b7d31a30a452e3a9d,2,2,0,False,
fastapi_12,fastapi,12,SH,1,90af86814637a2384fe81fcc7cca394c13d9170a,4,4,0,False,
fastapi_13,fastapi,13,SFMH,1,2bd775988f77df397aee3a1caf4de90146b7f363,4,4,0,False,
fastapi_14,fastapi,14,SFMH,1,b9d912c6380661647b51c322820fcb4ba08f32d2,3,3,0,False,
fastapi_15,fastapi,15,SH,0,,0,0,0,True,
fastapi_16,fastapi,16,SH,1,32438c85f6e5c411cdafef58af277135bfe3c7df,11,11,0,False,
youtube-dl_1,youtube-dl,1,SH,1,347de4931cb3e496fb7b1dfb0314c213f44cce6b,2,2,0,False,
youtube-dl_2,youtube-dl,2,SH,1,1bac34556fcff324fa17c679004284f03123d64d,10,10,0,False,
youtube-dl_3,youtube-dl,3,SL,1,55b2f099c0c820d6c4b46609b175a44a6d7f97bf,1,1,0,False,
youtube-dl_4,youtube-dl,4,SFMH,2,"825abb81759d76e53127644a45e1d6cb7ff4f654,9e3f19919aa3e152760f4cd0a7cad348428f3b35",2,2,0,False,
youtube-dl_5,youtube-dl,5,SFMH,1,46f59e89ea1e75bf2bd1657f0863a3e5e81f91ea,3,3,0,False,
youtube-dl_6,youtube-dl,6,SFMH,2,"7dff03636a843a6990e52200edb3ecca1246b3df,bf6427d2fbcbd95cd1cb640e8b894c18782a2a12",3,3,0,False,
youtube-dl_7,youtube-dl,7,SH,1,e7b6d12254702a4aa6a9f54420f80e6ea456b120,2,2,0,False,
youtube-dl_8,youtube-dl,8,SH,1,67134eaba1a56cec4117000acb2fc9284c9cdd9a,2,2,0,False,
youtube-dl_9,youtube-dl,9,SFMH,2,"0130afb76e5cb6f470f39f127c8d09eea3e82d0d,67134eaba1a56cec4117000acb2fc9284c9cdd9a",10,10,0,False,
youtube-dl_10,youtube-dl,10,SH,1,e7b6d12254702a4aa6a9f54420f80e6ea456b120,2,2,0,False,
youtube-dl_11,youtube-dl,11,SH,1,9732d77ed273406afcf9ed3ccb4d109824c9c69d,2,2,0,False,
youtube-dl_12,youtube-dl,12,SL,1,2cc779f497ae20d6e0e28fc546a25723cfea631a,1,1,0,False,
youtube-dl_13,youtube-dl,13,SL,1,b0c65c677f5298df8653df1e382b406bea420ba3,1,1,0,False,
youtube-dl_14,youtube-dl,14,SFMH,2,"7e72694b5e0691adfd90f5d5ecd47647625511e9,9cafc3fd8b54b9b91a145cddf9e4db0bd59e1b5f",2,2,0,False,
youtube-dl_15,youtube-dl,15,SL,1,bd1e484448c84904ce0d99fe05c3721053aa3c00,1,1,0,False,
youtube-dl_16,youtube-dl,16,MFMH,3,"36e6f62cd0883f0f486d1666d010e5d9e6d515bd,5b995f713bf45e9e373029e1411811dfde855088,bf6427d2fbcbd95cd1cb640e8b894c18782a2a12",8,8,0,False,
youtube-dl_17,youtube-dl,17,SH,0,,0,0,0,True,
youtube-dl_18,youtube-dl,18,SL,1,b286f201a8424e00cc91d27adcf53a5249b8a3b9,1,1,0,False,
youtube-dl_19,youtube-dl,19,SFMH,1,d35dc344af8ca0b4cc9ea738a290c04842adb9db,1,1,0,False,
youtube-dl_20,youtube-dl,20,SFMH,1,abc97b5eda4ed4b36cec29e9966eb1bb7bcd97ce,2,2,0,False,
youtube-dl_21,youtube-dl,21,SFMH,1,b0c65c677f5298df8653df1e382b406bea420ba3,1,1,0,False,
youtube-dl_22,youtube-dl,22,SFMH,1,e5a088dc4be4fdcc96927a9f1b7284d4cd49c415,2,2,0,False,
youtube-dl_23,youtube-dl,23,SFMH,1,bd1e484448c84904ce0d99fe05c3721053aa3c00,2,2,0,False,
youtube-dl_24,youtube-dl,24,SFMH,1,347de4931cb3e496fb7b1dfb0314c213f44cce6b,3,3,0,False,
youtube-dl_25,youtube-dl,25,SFMH,1,cda6d47aad106a825f837c7a583fffc783c4b63b,3,3,0,False,
youtube-dl_26,youtube-dl,26,SL,1,89ac4a19e658203db85c6a1d4b267a2eeb47a38e,1,1,0,False,
youtube-dl_27,youtube-dl,27,SFMH,1,bf6427d2fbcbd95cd1cb640e8b894c18782a2a12,2,2,0,False,
youtube-dl_28,youtube-dl,28,SH,1,4e408e479b722f63953051bbc90fad561083f583,1,1,0,False,
youtube-dl_29,youtube-dl,29,SH,1,ae12bc3ebb4cb377c2b4337ec255e652b36f5143,1,1,0,False,
youtube-dl_30,youtube-dl,30,SH,0,,0,0,0,True,
youtube-dl_31,youtube-dl,31,MFMH,3,"4349c07dd7cd07620365b36093f0a148c41ce434,608d11f515c9668fa069b422b5850a41e17f52be,6a68bb574acaf4df3f3f01d3330498cad5101773",6,6,0,False,
youtube-dl_32,youtube-dl,32,MFMH,2,"66149e3f2b57d110045862bfbc19b3efbb50d152,816930c4850428811d368aa538235433536bb342",2,2,0,False,
youtube-dl_33,youtube-dl,33,MFMH,3,"305d0683628d26c8e9ba04c77c4b3c7283106f80,912b38b428e882c1ab79b6537b94b30e3e3c1def,f2b8db57ebb15fa2edc9c7810436618a0725d451",7,7,0,False,
youtube-dl_34,youtube-dl,34,SFMH,1,e05f693942b0dacecc60b987a79859ee62b58ab9,1,1,0,False,
youtube-dl_35,youtube-dl,35,MFMH,1,c40f5cf45ce896c021ed44fa22d79adbb05eaf5e,1,1,0,False,
youtube-dl_36,youtube-dl,36,SL,1,9834872bf63b4e03b66c5e3b8f306556e735d8c5,1,1,0,False,
youtube-dl_37,youtube-dl,37,SFMH,1,a612753db9c22556967bf60c2eee8a8e63cd98ba,1,1,0,False,
youtube-dl_38,youtube-dl,38,MFMH,3,"67874aeffa37a114b01fe6be11d156b7ece584b2,9eae41ddefb3bbb4dc24ae4cfbc4f9fb20f0b859,cb3bb2cfefd928f73d971487d8782474e1576073",8,8,0,False,
youtube-dl_39,youtube-dl,39,MFMH,2,"50317dbbada099eaefdc4bc56fff8109907a827a,9eae41ddefb3bbb4dc24ae4cfbc4f9fb20f0b859",3,3,0,False,
youtube-dl_40,youtube-dl,40,MFMH,1,cf1eb4515315f7cb01ccb4fbac31928040f5ce04,5,5,0,False,
youtube-dl_41,youtube-dl,41,SFMH,2,"5de90176d94ebfac421b5db9c897f9ac69595cda,bf50b0383e4d6728bbbf1d0ee70cf586a90efb40",2,2,0,False,
youtube-dl_42,youtube-dl,42,MFMH,3,"182583623583c8e71af9b4e24acf8c409fcff197,9c63128668858c354994d90cba812ffa4c30bdf8,e2b38da93112c97d46d612bf89c329b22ac2d00d",10,10,0,False,
youtube-dl_43,youtube-dl,43,SL,1,29eb5174031cfc0b5de556da3da7761ac377de4e,1,1,0,False,
keras_1,keras,1,MFMH,18,"244546c2fe5165b6770eb456afd5fac8878473c5,2944988be3ce0398c1ebbcce3f2b57a6d8be05df,3b7b071bb7b4537576306f00703c5c409bedbb43,6eb0c7bdbb68d7de0ef507102c757c7ccbf582a0,75d9415c82b3bbba82095b11ac6c313b40de6066,780f5e447799b4ab343164ab8beceabcd4ab15f0,7a4c2fcdadf8ddaab1cd7fb461fae58bfa36a6ea,7c84229f350b83ce397b8c65e52e333e99b6d19d,7d5d4a6368e45cb9939acb04d089cb46adbca32a,8240ef7712030fdd0feca6939b8f1c4ba1979ae5,8f7574437951a8f1042407d25bffb57292e3b6a6,907e8035656b0597a7a2f3cc1bf237a8cbf48821,c4d29cdf21abb94736781acc3c2d73ac6746e280,d3c75e1d342a6d11c7bf21b55eb9a664ed1e3e14,d8911c28850d374177a945878c223d00ad70ff94,dc6f00fa0d831e8583a5285f032cf583d4980c4f,e32436144be933486182db6baee76c8746810488,e40ffd2c56977492a382103a31b64bd3bfcfd1a1",71,71,0,False,
keras_2,keras,2,SH,0,,0,0,0,True,
keras_3,keras,3,SFMH,2,"49f5b931410bc2e56378f20a15e8ac919e0efb88,e27b8b9343da4558b98570d6d45599bd0e365723",6,6,0,False,
keras_4,keras,4,SL,1,650c2c8cf9d711d35ab0ca7d1653ef53cbedaab3,1,1,0,False,
keras_5,keras,5,SH,1,e1a1e880d53fbbec97e8c3dfe1c82281a5761d44,1,1,0,False,
keras_6,keras,6,SL,1,58fd1f0589d33aeb33c4129cfedfb7737495efc0,1,1,0,False,
keras_7,keras,7,SL,1,9120a7251d3ac13048d212b424cb92841ffd7cd4,1,1,0,False,
keras_8,keras,8,SFMH,1,49f5b931410bc2e56378f20a15e8ac919e0efb88,4,4,0,False,
keras_9,keras,9,SH,1,f86bc57d621fb0325e928271b246d197611b0e65,2,2,0,False,
keras_10,keras,10,SFMH,2,"0151028441d30525a0a553eb7fab4b08269e8266,58fd1f0589d33aeb33c4129cfedfb7737495efc0",19,19,0,False,
keras_11,keras,11,MFMH,3,"58fd1f0589d33aeb33c4129cfedfb7737495efc0,7386841194d139ee8d1de2749fa64f86150f9c2f,a9a68bc9deac5d72170ac48c15c41b0defc9753e",21,21,0,False,
keras_12,keras,12,MFMH,0,,0,0,0,True,
keras_13,keras,13,SH,1,5027630fa41f499a9226a8f9d952ceabf2c247aa,1,1,0,False,
keras_14,keras,14,SH,1,98465b85d020f1326bcef7632f1261a9a7a84e92,1,1,0,False,
keras_15,keras,15,SFMH,2,"aabda13a107d99e08eeeb6d5be7c4cccf378c6aa,f1df88737c107668df54d4f521758b6da7e844ec",5,5,0,False,
keras_16,keras,16,SFMH,3,"3eab6103e0069d261c3e3586c12d5aaf0a331429,49f5b931410bc2e56378f20a15e8ac919e0efb88,a637960fab61b66848a36e6a5caf0204c155af01",7,7,0,False,
keras_17,keras,17,SH,1,3f45fa02ba23cfad3f2132dd1dd31f01e365cd6e,1,1,0,False,
keras_18,keras,18,SFMH,2,"24e7ac0756aeba06ce1cf7f7e72219a11b14b101,e74a37438b5389ae19eb61b431859f9789100874",2,2,0,False,
keras_19,keras,19,MFMH,3,"4cad455ef4da600c96ddc69800bab39d0e52b677,75d9415c82b3bbba82095b11ac6c313b40de6066,a5103909bb43f6e9d655587949b54cbd95abbb18",19,19,0,False,
keras_20,keras,20,MFMH,9,"023331ec2a7b0086abfc81eca16c84a1692ee653,3d7f5f0905ff8933e54366ac38edc3a3c4e4139b,3fe89b4f7b393696039dd61d4aea3f648e2c809e,5adce5266f43f89dcf7f14758e5d895fbf6791ef,6b106ab4ec9a1c0eb3e24ae590ce63f84022ad40,75d9415c82b3bbba82095b11ac6c313b40de6066,c689b52dd1ecb4c4b260714e826353b4e6b2003d,ee8ff00a2a8a307c952fb8e7bef241188c7fb12b,eede3dc43dee80e040f272c6a7157e4a29d00f76",19,19,0,False,
keras_21,keras,21,SFMH,1,87417470c8168772559be0531e297120c569a422,1,1,0,False,
keras_22,keras,22,SL,0,,0,0,0,True,
keras_23,keras,23,SH,1,49f5b931410bc2e56378f20a15e8ac919e0efb88,2,2,0,False,
keras_24,keras,24,SH,1,f623b2ab57d2dc18a7f12d8d7cd0158207cdb939,2,2,0,False,
keras_25,keras,25,SH,0,,0,0,0,True,
keras_26,keras,26,SH,1,875bc59ecfd0c2e53de0fd136f8f705f700d49d1,1,1,0,False,
keras_27,keras,27,SFMH,0,,0,0,0,True,
keras_28,keras,28,SFMH,1,7a1b9005c220afb9271d20a73e168cf18d0cd631,3,3,0,False,
keras_29,keras,29,SFMH,2,"2f4685c8195597d5c150b8fadc1ec4d8827d95cc,e6c3f77b0b10b0d76778109a40d6d3282f1cadd0",12,12,0,False,
keras_30,keras,30,SFMH,1,57429d1567b94955ac95afe87792411a420ff0ba,2,2,0,False,
keras_31,keras,31,SH,1,e8190a8d8d4a59359f93bc9b366d04b9c72cc2ed,2,2,0,False,
keras_32,keras,32,SFMH,1,4c01c0c4d77348416fff70e00ed6c25955c33ef6,6,6,0,False,
keras_33,keras,33,SFMH,1,71bfb00788ec6e899abc8d2de1a67a281879bccd,4,4,0,False,
keras_34,keras,34,MFMH,2,"ab97958e0b1b9ed224d5475fb6ccb8f40242794b,ce80cd1c85eee49de8e647124b5a87b6ea55ffe6",4,4,0,False,
keras_35,keras,35,SFMH,2,"2c64566855b39060484f07269303dfd115d5e5fa,e1208f5b9f0897c6d975d3dca67ad2188b021da2",3,3,0,False,
keras_36,keras,36,SFMH,1,c57bba20b0eb7bc1e70af6c71cc23a45de104b02,2,2,0,False,
keras_37,keras,37,MFMH,3,"365f621b24631a03f995e3b30e1800d327e42fc1,3f148e40e1dd9b95c4cd2dd0d182b8729729a5c0,97031ed8f6afaf26a21dd98bb0bfdb4cacc65ca2",8,8,0,False,
keras_38,keras,38,SL,1,a5103909bb43f6e9d655587949b54cbd95abbb18,1,1,0,False,
keras_39,keras,39,SL,1,2f266c3345ec65c721d4599a685fde6611fb8609,1,1,0,False,
keras_40,keras,40,SFMH,1,a5103909bb43f6e9d655587949b54cbd95abbb18,3,3,0,False,
keras_41,keras,41,MFMH,3,"58d1d0678f1f0dfb2dca976b84fc3d419d9f4618,5ae158e8b06562ab3db5d55d0f0a1dbda85d8089,ab6b82c2dbcf5ede7d2950eca1efe815f5c0df75",21,21,0,False,
keras_42,keras,42,MFMH,6,"5ae158e8b06562ab3db5d55d0f0a1dbda85d8089,5edd96a9f88021acf238a9c8a94ffa8027b4da21,612f5307b962fb140106efcc50932c292630fda3,7425e68cd65b351a09e5c8b84c089cee948f3107,ab6b82c2dbcf5ede7d2950eca1efe815f5c0df75,c6eea03c8db29b1d8aee492246b9a4135ddee7c5",26,26,0,False,
keras_43,keras,43,SH,0,,0,0,0,True,
keras_44,keras,44,SFMH,0,,0,0,0,True,
keras_45,keras,45,SH,1,a5103909bb43f6e9d655587949b54cbd95abbb18,4,4,0,False,
tornado_1,tornado,1,SFMH,2,"0fe807b543c36cbd8557651600d4dcaeff59d4aa,efcb7d83c0c362b3079b56db256b0e0a67eed6ad",2,2,0,False,
tornado_2,tornado,2,SH,1,72026c5eb8ff13d6bf671fa87ea89847e6485566,1,1,0,False,
tornado_3,tornado,3,SFMH,1,8953e9beb1e376d9d907c77e61e0e628245de35d,2,2,0,False,
tornado_4,tornado,4,SFMH,2,"1f45fc827a386b53530b3d2e1c3a70747c6e1189,2e73d4b6355656f00151e431daa41c207a3dc112",4,4,0,False,
tornado_5,tornado,5,SFMH,1,2d4053daa56c609d642b214399e046671d4a593e,1,1,0,False,
tornado_6,tornado,6,MFMH,1,df541dccb69d8196d2871ba2addf85f1515f84c1,2,2,0,False,
tornado_7,tornado,7,SFMH,2,"648b3e9f7c6abe718fd5cd95fc55834efdcfa020,dce2ffe1b3e20e0592720e5d80709130a11d315e",3,3,0,False,
tornado_8,tornado,8,SH,0,,0,0,0,True,
tornado_9,tornado,9,SH,0,,0,0,0,True,
tornado_10,tornado,10,MFMH,0,,0,0,0,True,
tornado_11,tornado,11,SL,1,a3d6fc6defb9cd690a5f66a18130a3aa080f402d,1,1,0,False,
tornado_12,tornado,12,SFMH,3,"605c521390bba84274b22da3c5b8cda8d984e717,617d41f216ae195d630897d89cdf2fc9fc6fe91b,b22bec6c0933293f8c864982bfcf752a335a4c5d",4,4,0,False,
tornado_13,tornado,13,MFMH,1,39f18880881ab9bfa55b3c0193d57deed75e1461,1,1,0,False,
tornado_14,tornado,14,SL,1,4f86890cfad97ac9e3ef2c06bb313f7f4deb6d3b,1,1,0,False,
tornado_15,tornado,15,MFMH,2,"60952528834f15c07dc9325c600650fb9af4a248,e8fa7465a6af7ed97f79b23ef7892c334f6d01ac",3,3,0,False,
tornado_16,tornado,16,SFMH,0,,0,0,0,True,
luigi_1,luigi,1,SFMH,2,"6980c0908380fb0efdf386acf060344c02f91c5c,9e6078478508bbb6226d64f16d9e5cf6ee1798b6",2,2,0,False,
luigi_2,luigi,2,SFMH,1,e1e6b39972062f9d8f4acc468dbca984504f5530,2,2,0,False,
luigi_3,luigi,3,SH,1,0b85daf9cc744b181dc7b6f057e2c35221fa4556,2,2,0,False,
luigi_4,luigi,4,SL,1,9cbf18822c74790009841c3305c0ae9d77726726,1,1,0,False,
luigi_5,luigi,5,SFMH,2,"be88a318dce06254a66303a1c398ec28f89c60d7,d40c7535ddee75738febca8b5b1bf4f76975231d",14,14,0,False,
luigi_6,luigi,6,SFMH,7,"0b85daf9cc744b181dc7b6f057e2c35221fa4556,3688c36e21554e4db9b67b6b360e5fad5a0de194,447489aa7f2733bb0a5a701ef46b0bec065543b3,46ff8706e64caddf0d87c67149551bd62ca69ea2,4e3b0011498fc378a266ebb07fc9788dbaf8c0a9,5ff3ef5bb2cd00bcb872cf733656685041d32f79,6d4dbf07f0c86bb3dd4008affeafc2b8f7abea53",28,28,0,False,
luigi_7,luigi,7,SH,2,"aa0794670533de745186e414f8a329852d2bb271,d9bec6e313faa8b0feebbf77b117218b0c5952d1",2,2,0,False,
luigi_8,luigi,8,SFMH,1,0de1fdafa6aa415b64d189ca301fe84f042ff5c0,2,2,0,False,
luigi_9,luigi,9,MFMH,5,"35d1b10451217e7daf2cfee5c90ea2e0a6fac2e4,3b249492a4cf203a988b47545b72425bbbb2a68f,62b6aa85375fdb150f8da0da14b834d5d2c628e6,6802a80896f72e99643cd0d0f57dd15f4d8c1deb,c25e26296aeff72a6066c074402030fd3ca1fcc0",9,9,0,False,
luigi_10,luigi,10,SL,1,7ee261cf8697bfd087b5144178b3c0634337e8d8,1,1,0,False,
luigi_11,luigi,11,SH,1,aa0794670533de745186e414f8a329852d2bb271,1,1,0,False,
luigi_12,luigi,12,SFMH,5,"065e9cb5155399eb615106fb9c5b36d3c0cafa16,306bb6a2c197d7cb771c56159d0cb4ec3fe23db7,52c8bf2a4360ecfaeb6c208b24d9e6c8a021a230,82639ab227dd3e69f2da0707ed33952db49e0ec9,b265f92f9b18bb01588bc58306a0375255c27324",14,14,0,False,
luigi_13,luigi,13,SL,1,0bdb009aedf6307fcd066c73f19e8bf96876a183,1,1,0,False,
luigi_14,luigi,14,SFMH,5,"3670b4fc9c1f816e1c19bf9798c2841a5ad6e50e,4798f30f0cfb536be8e886d983188717e9e7a297,6cffbf438d023441f7f42c2019a51c62eecd9018,723b03ba8c03a1e9967632525708afb6551bffa5,7707525a4f929226acfb0cd10e5667ddee8ec9cd",9,9,0,False,
luigi_15,luigi,15,SH,1,e019ac5de6422822ec5695c6af7f338769b6e21d,2,2,0,False,
luigi_16,luigi,16,SH,1,6bc2a544ca32d68325ee8df791a38515e70540df,1,1,0,False,
luigi_17,luigi,17,SL,1,dc41727f4de88f86f4e77aa45be51eff4ee6b3be,1,1,0,False,
luigi_18,luigi,18,SL,1,a5bc6c937c8f02ae0d39c3aac235c9bf7c55d33e,1,1,0,False,
luigi_19,luigi,19,SL,1,a5bc6c937c8f02ae0d39c3aac235c9bf7c55d33e,1,1,0,False,
luigi_20,luigi,20,SH,1,af167259da31cd756df627c4a100c028021c3184,2,2,0,False,
luigi_21,luigi,21,SH,0,,0,0,0,True,
luigi_22,luigi,22,SL,1,a045647a7f8e8ce3b501fb72899636a29bb2abf8,1,1,0,False,
luigi_23,luigi,23,MFMH,2,"6e1c980bd9f41572d5fe1a58a2f347114b85fe5b,ea8476655ba625d0e2d51cf86a179603bf49c707",2,2,0,False,
luigi_24,luigi,24,SL,1,5a28d231ccd0944499d48c66fba9b4b98d9d791c,1,1,0,False,
luigi_25,luigi,25,SL,1,cf025ee004f5205432d82bf47ebe92713ce2abd2,1,1,0,False,
luigi_26,luigi,26,SH,1,9038874aa8538540f83ddddf79f6cb3d52464cbf,1,1,0,False,
luigi_27,luigi,27,SFMH,5,"06ac494bcc5172c7f4ebddcdf7d3d3e64bfd2193,8221a62df786c92ab30b27eaa42f9efa73bb628c,9674ce1daced0e774c0d99721cbecb49aea4cfe9,bfdd3ffa13c538e4cc2e19ad42563925aedc4651,d73a9dad102d876ab522fdd52005c21a29cb5979",7,7,0,False,
luigi_28,luigi,28,SL,1,5fac0c642592dabe1885054806f428f493bd7032,1,1,0,False,
luigi_29,luigi,29,MFMH,5,"35cac24ad4b2a595277d6233785097119df54c9c,6b662661a3caec9b80da1fead0b6abb12f5d4e29,7409f56df485dae2bc44dbe7330f84308e351fe2,d1c5beae1f053a9dbc30a42fd2b02449f4c7ee1d,f30a504e51594f0e8b9ac92cd6d872d7ccd7db57",18,18,0,False,
luigi_30,luigi,30,SH,4,"7409f56df485dae2bc44dbe7330f84308e351fe2,b708ffc85fc279aabcbcaf731a09c37771fdc14b,bdbf12338bd54694ba67bc759025ce0e4ff1d7af,eb6d85a1a539dba5369ba434143fb82e76e38747",19,19,0,False,
luigi_31,luigi,31,SL,1,e41ecf7a4cafaa8abddb948b2c2d53ca0af480a1,1,1,0,False,
luigi_32,luigi,32,SH,0,,0,0,0,True,
luigi_33,luigi,33,SL,1,f5c33160573a87486c5f0b7423245a89a6d02e0b,1,1,0,False,
matplotlib_1,matplotlib,1,MFMH,5,"001afafaaffa321d459980eff5779adaf01681e6,5eace1e3e342b84f99bc2cbcb5b4e802df22e47d,7961de383f7fda33f5b320aba1268213c57224bb,b9cea08163bb469ba6d3766912384890bf7c4850,cd519f8afa053e59c7d43801ad77ce23ab55e04e",18,18,0,False,
matplotlib_2,matplotlib,2,SFMH,3,"24ef5d49c258300e552f55589545ee2798c91908,426fc550fdc679ded1bbb10839369fe582d3f09e,6fe5fa03e8608949cb08a485a4d6adf9247a5ffb",5,5,0,False,
matplotlib_3,matplotlib,3,SH,1,6fe5fa03e8608949cb08a485a4d6adf9247a5ffb,1,1,0,False,
matplotlib_4,matplotlib,4,MFMH,4,"86fe16bfe7ed27985457637356f42b0ff98bdaca,8baa71779ce92c366570a184da52190012427472,d4c2f5b4d4e64213ec5012bd9c24a79d398fa82d,fb41a3314d9a061266f3620b29d063c9df18a5aa",6,6,0,False,
matplotlib_5,matplotlib,5,SH,1,f88114c9a7cdb6aa9c8f90d62e36d30b7a7e48bf,1,1,0,False,
matplotlib_6,matplotlib,6,SFMH,1,bdd15a34e323fb938f6479b36792aeab6ff159cc,1,1,0,False,
matplotlib_7,matplotlib,7,SL,1,4afed00d7a90d07a958adf09c8b5ab81f7b52e67,1,1,0,False,
matplotlib_8,matplotlib,8,SFMH,0,,0,0,0,True,
matplotlib_9,matplotlib,9,SL,0,,0,0,0,True,
matplotlib_10,matplotlib,10,SH,1,683d4c9cd8c2cda4b16899c68341975eaf782feb,1,1,0,False,
matplotlib_11,matplotlib,11,SFMH,8,"4c61dc714ceb778daa28af5f5a8c3d647d45d301,7b5ca17576eb1e9740267fe2922a5029f7f25f44,9cb294602ec348bbb229ac5d931a50dc57e79536,b6e9ae7b202b1b638df4c76b5a31cb4fd7484de4,cc1f7e8094a1980fd5f269e17b0a71d5a8c388c2,d5a1a3dd36f7daaf8b7e2ec5a73fa5fd4df3e026,e34a333d00814124d3e19d462b9d78ac35e7a49a,f72c17c68bf18a35509cae83c3cd31e0b8024495",12,12,0,False,
matplotlib_12,matplotlib,12,SFMH,5,"1b3fb65219e79d3a5e114be564692b9d68a97b10,51b6bc952b1c68fb91eef12d849c89a31210dfb5,747c3cddacaae39dd0cec9082c32e78033f87ba4,dadc3028058102b91676686a6aa62da2eae9662d,fb36d5119dcb403ea1aef183f9865610b971a4c6",14,14,0,False,
matplotlib_13,matplotlib,13,SFMH,0,,0,0,0,True,
matplotlib_14,matplotlib,14,SFMH,1,2ee109de52050824637ab861f66fc5d0d59f1577,1,1,0,False,
matplotlib_15,matplotlib,15,MFMH,5,"55e87277f2044b7892fc386e44bda3d457c4fb70,653c2cf7f0f4135e7ded55c5e9cbfd50ba63cbd5,6c53a23262146a92b9a2e3c240bc1e1d246bfec3,964ef5ea3163266883baf17c38c6e84b24f20aa2,97cd899f3239c03d1e5ea95c15a6f2030889cd99",12,12,0,False,
matplotlib_16,matplotlib,16,SH,0,,0,0,0,True,
matplotlib_17,matplotlib,17,SH,0,,0,0,0,True,
matplotlib_18,matplotlib,18,SFMH,0,,0,0,0,True,
matplotlib_19,matplotlib,19,SFMH,0,,0,0,0,True,
matplotlib_20,matplotlib,20,MFMH,3,"bb5ada7f68f23d2b6ed0f35133af2d851fabe62b,cb50c7a2f08b472559c0513ba5972b7b50ac0328,dad0da1855ff0fbba3a03837c6b43d7203b5b2c1",9,9,0,False,
matplotlib_21,matplotlib,21,SFMH,1,ef1567f2074b228fddbf74f5570a5fbe7b4a60a0,5,5,0,False,
matplotlib_22,matplotlib,22,SH,0,,0,0,0,True,
matplotlib_23,matplotlib,23,SH,1,87c742b99dc6b9a190f8c89bc6256ced72f5ab80,2,2,0,False,
matplotlib_24,matplotlib,24,SL,1,6824811ef4c049cfb2f04c11cd3856f25524cec7,1,1,0,False,
matplotlib_25,matplotlib,25,SFMH,2,"5214a62f52cf6bb4d60e8326816e518a15335791,9e908d9c6b6f4015c0abf91bcae8470fecd03cbf",3,3,0,False,
matplotlib_26,matplotlib,26,SL,1,0e413176143711bb417439634acd8d6031264612,1,1,0,False,
matplotlib_27,matplotlib,27,SL,1,fb87d772b0b55d5d7a110dae44d3a691ebc2bf3e,1,1,0,False,
matplotlib_28,matplotlib,28,SH,1,677e97d112fa0c380486430bceb3524eb87d55b8,1,1,0,False,
matplotlib_29,matplotlib,29,SFMH,1,01aedbc0454ca2a434cdf2c63230ad73dda58cf7,5,5,0,False,
matplotlib_30,matplotlib,30,SH,5,"1a07db586e24dd65b56791e8a0d865bc3f003a5b,2527617b4d1c19fea182d864433acff7682b83cf,465ca814d545889c9fdcff5461b0dd4581b1b143,4e440afca0e0fc79be04ecedf7e59c89b000e00b,f9d93667789ed4c898353d3dea0f9542493b9141",10,10,0,False,
pandas_1,pandas,1,SL,1,c0683137245ae37cb7403a8158e151b8b5a0e6ee,1,1,0,False,
pandas_2,pandas,2,SFMH,1,8c51d868ed19dcd8ed346cd4f61e7494eb18aa05,1,1,0,False,
pandas_3,pandas,3,SFMH,1,e0eafaac78dcc7f30a6396fe40ac1e3346cf4537,2,2,0,False,
pandas_4,pandas,4,SH,1,30c1290610c65d53bcdd1665be3104104ca27eb2,1,1,0,False,
pandas_5,pandas,5,MFMH,1,2250ddfaff92abaff20a5bcd78315f5d4bd44981,2,2,0,False,
pandas_6,pandas,6,SH,1,9cb5de04bc61f23047eb7f34bef2bb14ef58da8e,1,1,0,False,
pandas_7,pandas,7,SH,1,30c1290610c65d53bcdd1665be3104104ca27eb2,3,3,0,False,
pandas_8,pandas,8,SH,1,01f90c187f0eec0e8178371d7c066e600c9e105b,5,5,0,False,
pandas_9,pandas,9,MFMH,4,"06e416db9729517eadf0b5a9b46243789a4f2096,6194b6393b939a8a0aa9bf4904ccab75e747c108,6fad5a0f815e0e441137908c0366403d2616549d,fc86f8deb4c3e35d32e5767ae3993d5b6c54193c",5,5,0,False,
pandas_10,pandas,10,SL,1,716efd3f1e08d81743edcb7422fa5eb05523b58d,1,1,0,False,
pandas_11,pandas,11,SH,2,"24827e5d93f55368803a8e6a599e5b0cf858ac24,ec9bd44c8c93f26f7ce0c7af4a0b80039df416a0",4,4,0,False,
pandas_12,pandas,12,SFMH,7,"03158a147a6786936cc6c67a9f89d9fae2087538,1f6b46045223be6d81db03e88d374742bef8b877,37d0683e2df6e222effe4ad5bd8a21776e2fdde3,537b65cb0fd2aa318e089c5e38f09e81d1a3fe35,8d277e3107b45ef18f60821e95ccaac2742b824d,bb6135880e5e453d7701764b9f2e4ad3356a68d7,d0a281fd60a2099c932151280af88d5392ea9a84",12,12,0,False,
pandas_13,pandas,13,SFMH,8,"01e99decf14b55409cea0789ffcc615afed45bac,3fe697f3c9dcb0c0a7a9b91c0098d31b39f51fef,51f114b9882a5cf819efddb8be74524814f437e1,793020293ee1e5fa023f45c12943a4ac51cc23d0,7dd4091458d9117e57d2ad9ce3126855bd00108c,ad8ce0be9b6b5be9fdd39e13e312a3cc2ee48fbc,bb6135880e5e453d7701764b9f2e4ad3356a68d7,fc50bde73284eeb808a485c0d22c30a0cc6becaf",31,31,0,False,
pandas_14,pandas,14,MFMH,1,ae278dc6fce20987de4622f2457ebc12d007dea9,2,2,0,False,
pandas_15,pandas,15,MFMH,118,"0227e69bb853fe81d071678732ec57974f91776a,024925a4eeae5e650977922767be4755f6756a94,02a97c0a150377fab02fa22580d232c8242b5baa,03244659485a1d5fab229bbb0a083638fac1336c,051f4a2cf70f25649bae680d290cbf3ed77363ab,05780f864f01653d4d7791cd4df66aca54716b4e,0748c91d89e5a8ea1289f055a634770a8dbfa63a,0907d9ece23ec2780307d278781a6c9f8edc1556,0a61ecdf6b4ea61a67afb4e3862df79adc07053a,0dc317fd76190e1932e2f7b81ed30657a23d918e,0f99f61a141e53c1c386b564f56d4c2165dc06db,181f972d2f4e6bd5c8c33721175f68188cfa1a0d,18a9e4c8ab253e83ba43767d890576186be13332,18b68c778a8aad66cf20982b14243845d29055a7,19626d2567487f8e698174de835c28c900784ed3,1966a83d24ae51002eda7d135eaa30a9f74673e8,1c5b3423d45f7ca8576d5303e0c66d37e6cd6177,1e5ff233c559ecb2f14fdb9c8d9537db3a02ce1d,2064876e271358f178ad806b3a97d6bc0b37e5ca,225b9b0974c9fb4b800b7c9ae6542e971ed32ae6,22f0d84abd8768b99631c59a540a58d6a6bd5f3a,23a4a51d1cdab87a5c78d38419d362b7464a88fb,241bf6099f24c118d3b2cf581139c1616e76d6b4,25d893bb9a5d79afc6a88e84de89fa32b385ae09,2643721fdd66f11fd91dc245ef200ba792836c56,268150f191884a554359de512ad6330977501796,280a88fdc99d867fbe91ac576184b288bcb49e09,2b136054db3b8f4c8d1aa33160c4bbe3b8ce940e,2c8c5dff0eed5abf7eb7c784dcf505001ee0598d,2f775b0bf45603e6ae85812bdd9548c8f196146d,3592a46e5f4cef313bdc865dfe5d93bc38ddf8b8,3c09d22f7f6bb59b916859a63c359387dbd08b75,3dbcda524b9b520c5c4e83cd4e38c25b688822ea,4195bfbe5b1abf773a4f8f143f317d26f6bff1df,42d6ee7cd1d43dfc2054ec00d82135af87c33574,460945e0952c8e8729e76baafc8db25caa90e2ff,4612a828244725dab1ff928b71cf92d04b40cd04,4ae63aac0b6063b5a8c40cfe088b222d808153c0,4dba140f1d2e835a485d72245e5c7f6fb66ac5c0,51bd049aaabac7df1e97689a62554b7b6d0644c6,555e6e1cbb852b2b0c2cd13f6f575656254160f6,58048e7235e131ce471ffe67e1c2580ec7303e20,586f63bc1a2bdc14dd6e3b76dd2713541b10d4f6,5edc439435b80c18ed910ebd7a5f477104142f3d,6963b018f1a2180381f09cfd07146738f024d368,6b3df29f6fa9c20a5cba11b36e214c78f00a3343,6fad5a0f815e0e441137908c0366403d2616549d,759a010ed8aee530203e82ad6a41962882267791,76cca0ee5a9ad6d91b7c5c39bc8ce5917dac00b6,778dc60b594b577ee2c548cb2d3ad72c1319cbdf,79e1fc3d1242901a3080be9bbe8c7a4f8769a748,7a544f0e110f82baef5273ce72349626063a2b70,7aa5d03b3047444926b6441de2b179c7c0b3e821,7cd2679982138e1e7f9f1a759827647e6e521d43,7d1f825c57ed7f9c57ac854226276215ec2af0fa,7f3d7b987088a0ec587e5d13f27d40f988f4bf4c,80d150ab9dd99984e5734a69a54738a1c7859ffb,82c9547ddcaf2fd70e00f1368731f14a03bbac88,8562dcca61d774a7d6960a1a6a0838c997fc34c8,88062f75dbca929ec082295c936edd07cc912dbf,8c5068227053fbbad8a7ab755eccd35115dbf6fb,8dc22d8ee51d151ac0b0b63a65395af70f8370f9,90cffc5b6c045fadebbcd085527c16a621a66d7f,91512a8f18c50ee6e9f5dd49315b30a8c5cb78bd,9223ff5b4a5bca4c773b72689e616421d2da8cad,93769600b96a7bca2c198eb3724efa002a619f93,985a73b8061607d5a2c0bcc34ef036f00310e09e,9bc3ee0e42218c1ea154835587edf52d0debce48,9cefd6525f747971f13fa33021f24a7cacbf5b60,a1a2f66fde5b821e07c0eb36e546b7c3aaae28f5,a1cf3f65f62b94a564dabbae8b81f5ac5fc5b0aa,a7bb9720e969e1bb09165a2e3828b8ef70914196,afb04645b5b3361814f7d00ef68ce8d68e19ddb8,b1214af3528319e31334ff098021c5a1a6d9ffcd,b387da894076c7427ba7a2fb467c3e821a2cef27,b72a4ff097549aa512768b682d2fc709cfb96c5b,b9a7f612677315a602a0a2b82d88e26677c6e2b5,b9bcdc30765e88718c792b27ab9f3e27054f9fc7,bb2740739ffedf1d03c1d68ee1cfcc1e84fcda67,bb6135880e5e453d7701764b9f2e4ad3356a68d7,bdad43bbaf3dcc9e1ececff4d9c93da98eb7ccb6,bdcb5da0906f7d8c7437d8531b8e3219f1ef554c,bde25278ccf4fb2d751c5e99e24b2270e0d62ef7,bebaff09d511b6478d3ce279fab34e55e48e796a,c18c8be779240be49872860ddbfec9bc5ef0a548,c1be6b1b74f8a608b000d7fa65beb5b1e91c8977,c21235bbc4ee52c3c8383efb31bbfc4251eb33c5,c4ebf21e7e50a72a97e245563ae6b802cfee42a7,cc4c0b3809af739caba021f96b59511d6c2fd9c5,cf11f71e423be65e9c2ae83ea1bab8b69ee79ca4,cf61be6d6da2d74666f25523e0d2da9d4816b694,cf922304a16b1d4539b841f56ab2a83496a80384,d05e8f28c160206204ac26f62a831ef200ea9db0,d0691e05bade043293cb6f9281defe2750987a15,d106b81ce532bc71ec6cced944ddb751a4b0e5a3,d320ef73a76543a8803f1c0639e1f28d725343cd,d32d464c7ecc480734bd1dd00a06b29a8530cd5a,d3ffc915bdee59658db433a4bf5a17b09d389fa6,d46d2a5ea900c59439dff58942e79ea8b39e918d,d5a07a1c9d5a25b689724eab6a42a89b04aeebbb,d765dfbd53a70b94bc8e22b664d9235959832fd6,d7bf6f2cc870c6ba5e465307c5e8271cbaab8af7,dbd7a5d3e2f1d196e8634c620fc72db1127de157,e84cf2ad20601dc2da58390f36eb96ca0c902bee,eb9597944e20d4424101226ef0a118a59b7154fe,ee27fabb240f99dfd278e1540c5e4ca430a490f0,efc7f2f9734335945c3c1193f76e5ff5d9d27eb5,f0746fcef1ac560ec47bbfb5a2167942b1cde338,f0ba498f71a9aed5b9cfda6ad6099fe9e7292cda,f1fe03134d6bccc59f66ee5fef6fde660a6ffb0d,f3642d26e997a627217e01f5a4f73b965be13d0f,f4f37f458d5f1d00b84b48534550fdd3a365f432,f54945ea0678742c4785b0e88a2fa99f62cafa49,fac819692bd22d93e34dbcb207e43960147a6f17,fb4405d5ebc132f50103b500592109988ad6a0c5,fca241ac558fa79000c85089847147c30f021a69,fe175b8d5ecc29c8e1358435859a5a3c6ce1939c,ffa4c7775d242458398cd98f90d18efc63ff0dfe",1535,1535,0,False,
pandas_16,pandas,16,SFMH,1,8c1df8d1b4993cd92366258cc89a5dca1746ab02,4,4,0,False,
pandas_17,pandas,17,MFMH,120,"0227e69bb853fe81d071678732ec57974f91776a,024925a4eeae5e650977922767be4755f6756a94,02a97c0a150377fab02fa22580d232c8242b5baa,03244659485a1d5fab229bbb0a083638fac1336c,051f4a2cf70f25649bae680d290cbf3ed77363ab,05780f864f01653d4d7791cd4df66aca54716b4e,0748c91d89e5a8ea1289f055a634770a8dbfa63a,0907d9ece23ec2780307d278781a6c9f8edc1556,0a61ecdf6b4ea61a67afb4e3862df79adc07053a,0dc317fd76190e1932e2f7b81ed30657a23d918e,0f99f61a141e53c1c386b564f56d4c2165dc06db,181f972d2f4e6bd5c8c33721175f68188cfa1a0d,18a9e4c8ab253e83ba43767d890576186be13332,18b68c778a8aad66cf20982b14243845d29055a7,19626d2567487f8e698174de835c28c900784ed3,1966a83d24ae51002eda7d135eaa30a9f74673e8,1c5b3423d45f7ca8576d5303e0c66d37e6cd6177,1e5ff233c559ecb2f14fdb9c8d9537db3a02ce1d,2064876e271358f178ad806b3a97d6bc0b37e5ca,225b9b0974c9fb4b800b7c9ae6542e971ed32ae6,22f0d84abd8768b99631c59a540a58d6a6bd5f3a,23a4a51d1cdab87a5c78d38419d362b7464a88fb,241bf6099f24c118d3b2cf581139c1616e76d6b4,25d893bb9a5d79afc6a88e84de89fa32b385ae09,2643721fdd66f11fd91dc245ef200ba792836c56,268150f191884a554359de512ad6330977501796,280a88fdc99d867fbe91ac576184b288bcb49e09,2b136054db3b8f4c8d1aa33160c4bbe3b8ce940e,2c8c5dff0eed5abf7eb7c784dcf505001ee0598d,2f775b0bf45603e6ae85812bdd9548c8f196146d,335ba9e443900c172263c41d221ce45c74be9cac,3592a46e5f4cef313bdc865dfe5d93bc38ddf8b8,3c09d22f7f6bb59b916859a63c359387dbd08b75,3dbcda524b9b520c5c4e83cd4e38c25b688822ea,4195bfbe5b1abf773a4f8f143f317d26f6bff1df,42d6ee7cd1d43dfc2054ec00d82135af87c33574,460945e0952c8e8729e76baafc8db25caa90e2ff,4612a828244725dab1ff928b71cf92d04b40cd04,4ae63aac0b6063b5a8c40cfe088b222d808153c0,4dba140f1d2e835a485d72245e5c7f6fb66ac5c0,51bd049aaabac7df1e97689a62554b7b6d0644c6,555e6e1cbb852b2b0c2cd13f6f575656254160f6,58048e7235e131ce471ffe67e1c2580ec7303e20,586f63bc1a2bdc14dd6e3b76dd2713541b10d4f6,5c36aa1305b07b1d6da4c2a63b6d5b9887503699,5edc439435b80c18ed910ebd7a5f477104142f3d,6963b018f1a2180381f09cfd07146738f024d368,6b3df29f6fa9c20a5cba11b36e214c78f00a3343,6fad5a0f815e0e441137908c0366403d2616549d,759a010ed8aee530203e82ad6a41962882267791,76cca0ee5a9ad6d91b7c5c39bc8ce5917dac00b6,778dc60b594b577ee2c548cb2d3ad72c1319cbdf,79e1fc3d1242901a3080be9bbe8c7a4f8769a748,7a544f0e110f82baef5273ce72349626063a2b70,7aa5d03b3047444926b6441de2b179c7c0b3e821,7c0b74287408a2dcff4cbcafbbebbf9847a6905a,7cd2679982138e1e7f9f1a759827647e6e521d43,7d1f825c57ed7f9c57ac854226276215ec2af0fa,7f3d7b987088a0ec587e5d13f27d40f988f4bf4c,80d150ab9dd99984e5734a69a54738a1c7859ffb,82c9547ddcaf2fd70e00f1368731f14a03bbac88,8562dcca61d774a7d6960a1a6a0838c997fc34c8,88062f75dbca929ec082295c936edd07cc912dbf,8c5068227053fbbad8a7ab755eccd35115dbf6fb,8dc22d8ee51d151ac0b0b63a65395af70f8370f9,90cffc5b6c045fadebbcd085527c16a621a66d7f,91512a8f18c50ee6e9f5dd49315b30a8c5cb78bd,9223ff5b4a5bca4c773b72689e616421d2da8cad,93769600b96a7bca2c198eb3724efa002a619f93,985a73b8061607d5a2c0bcc34ef036f00310e09e,9bc3ee0e42218c1ea154835587edf52d0debce48,9cefd6525f747971f13fa33021f24a7cacbf5b60,a1a2f66fde5b821e07c0eb36e546b7c3aaae28f5,a1cf3f65f62b94a564dabbae8b81f5ac5fc5b0aa,a7bb9720e969e1bb09165a2e3828b8ef70914196,b1214af3528319e31334ff098021c5a1a6d9ffcd,b387da894076c7427ba7a2fb467c3e821a2cef27,b72a4ff097549aa512768b682d2fc709cfb96c5b,b9a7f612677315a602a0a2b82d88e26677c6e2b5,b9bcdc30765e88718c792b27ab9f3e27054f9fc7,bb2740739ffedf1d03c1d68ee1cfcc1e84fcda67,bb6135880e5e453d7701764b9f2e4ad3356a68d7,bdad43bbaf3dcc9e1ececff4d9c93da98eb7ccb6,bdcb5da0906f7d8c7437d8531b8e3219f1ef554c,bde25278ccf4fb2d751c5e99e24b2270e0d62ef7,bebaff09d511b6478d3ce279fab34e55e48e796a,c18c8be779240be49872860ddbfec9bc5ef0a548,c1be6b1b74f8a608b000d7fa65beb5b1e91c8977,c21235bbc4ee52c3c8383efb31bbfc4251eb33c5,c4ebf21e7e50a72a97e245563ae6b802cfee42a7,cc4c0b3809af739caba021f96b59511d6c2fd9c5,cf11f71e423be65e9c2ae83ea1bab8b69ee79ca4,cf61be6d6da2d74666f25523e0d2da9d4816b694,cf922304a16b1d4539b841f56ab2a83496a80384,d05e8f28c160206204ac26f62a831ef200ea9db0,d0691e05bade043293cb6f9281defe2750987a15,d106b81ce532bc71ec6cced944ddb751a4b0e5a3,d320ef73a76543a8803f1c0639e1f28d725343cd,d32d464c7ecc480734bd1dd00a06b29a8530cd5a,d3ffc915bdee59658db433a4bf5a17b09d389fa6,d46d2a5ea900c59439dff58942e79ea8b39e918d,d5a07a1c9d5a25b689724eab6a42a89b04aeebbb,d765dfbd53a70b94bc8e22b664d9235959832fd6,d7bf6f2cc870c6ba5e465307c5e8271cbaab8af7,dbd7a5d3e2f1d196e8634c620fc72db1127de157,e84cf2ad20601dc2da58390f36eb96ca0c902bee,eb9597944e20d4424101226ef0a118a59b7154fe,ee27fabb240f99dfd278e1540c5e4ca430a490f0,efc7f2f9734335945c3c1193f76e5ff5d9d27eb5,f0746fcef1ac560ec47bbfb5a2167942b1cde338,f0ba498f71a9aed5b9cfda6ad6099fe9e7292cda,f1fe03134d6bccc59f66ee5fef6fde660a6ffb0d,f3642d26e997a627217e01f5a4f73b965be13d0f,f4f37f458d5f1d00b84b48534550fdd3a365f432,f54945ea0678742c4785b0e88a2fa99f62cafa49,fac819692bd22d93e34dbcb207e43960147a6f17,fb4405d5ebc132f50103b500592109988ad6a0c5,fca241ac558fa79000c85089847147c30f021a69,fe175b8d5ecc29c8e1358435859a5a3c6ce1939c,ffa4c7775d242458398cd98f90d18efc63ff0dfe",1578,1578,0,False,
pandas_18,pandas,18,MFMH,1,1f63971daa8238726d954538ab5d8ab0e9259d86,2,2,0,False,
pandas_19,pandas,19,SH,4,"1068a448574a7315a0deb8c36311d216bd7c568b,163cc8a074f6c9223389b962c9bb9202ab4520a9,8680ddd9830c7fdf63018b3169611327547adf06,bb6135880e5e453d7701764b9f2e4ad3356a68d7",31,31,0,False,
pandas_20,pandas,20,SFMH,3,"b1ee2dff81ca65fcf0e57fa673cb6bf1e47c18d4,bb6135880e5e453d7701764b9f2e4ad3356a68d7,fbd39d9a708b6a1b41372c7372f0a238a5a86c43",13,13,0,False,
pandas_21,pandas,21,SH,2,"92bb4c9517c41503d42571ea697ea2c81f3a189c,f6a5dd4b8c450d73f3bec964b05cca32cef4bb71",5,5,0,False,
pandas_22,pandas,22,MFMH,2,"2bf54a85b2efd462bf8cf50ea9d33dd1952de4f3,786edc7ed737d9f912613f29a62997017e729a37",3,3,0,False,
pandas_23,pandas,23,MFMH,2,"11664c34c695f5bd9bf154ad5d61c4ff69d715e9,ce77b79b97d7e827f50ebd0b7ca292fc2d966cc7",4,4,0,False,
pandas_24,pandas,24,MFMH,2,"90cffc5b6c045fadebbcd085527c16a621a66d7f,fbd39d9a708b6a1b41372c7372f0a238a5a86c43",3,3,0,False,
pandas_25,pandas,25,SH,1,03b510cebb9635de7471416447968f929e14d2ee,1,1,0,False,
pandas_26,pandas,26,SFMH,1,37526c1ddbe0952dffe16ac0fe158a00aa7b397f,2,2,0,False,
pandas_27,pandas,27,SFMH,1,9f00f10cb94671be6d251d856ca09322a8ce95a2,1,1,0,False,
pandas_28,pandas,28,SL,1,d3ffc915bdee59658db433a4bf5a17b09d389fa6,1,1,0,False,
pandas_29,pandas,29,SFMH,2,"610a19a333c40ff67b8feb5f96c29cfae8495a3e,bb6135880e5e453d7701764b9f2e4ad3356a68d7",6,6,0,False,
pandas_30,pandas,30,SL,1,ae22b809d2466599a30cf0882b8592f8fe764a46,1,1,0,False,
pandas_31,pandas,31,SFMH,1,64e5612238225d65fd28ffc72ee91c3eddcc9449,2,2,0,False,
pandas_32,pandas,32,SFMH,3,"1a61e2603c82dca42541a09eef230684db71f5f2,478af3b28cbbb040a9dac97212924389965e36f6,9caf58f3ee712a26b4ac9b9a2501141844a455ce",8,8,0,False,
pandas_33,pandas,33,SH,1,8fd8d0dc136e0720ce9b2d05f5f8ea8f62833c47,1,1,0,False,
pandas_34,pandas,34,SFMH,1,bb6135880e5e453d7701764b9f2e4ad3356a68d7,1,1,0,False,
pandas_35,pandas,35,SH,1,fae56d08b5f79d99b2f33ea28a91ffad9bd6f335,2,2,0,False,
pandas_36,pandas,36,SFMH,8,"01e99decf14b55409cea0789ffcc615afed45bac,7dd4091458d9117e57d2ad9ce3126855bd00108c,bb6135880e5e453d7701764b9f2e4ad3356a68d7,bd145c8d2b14e506609b251a11bd8268582ebc85,d3ffc915bdee59658db433a4bf5a17b09d389fa6,ed294301318fae52ab7993ec57aab99f4630e985,f1cfe5b4eb614f9b4e201e764e9bd25f2389b355,fe696e453b9236b226a0656028be43b4706ce1a1",61,61,0,False,
pandas_37,pandas,37,SFMH,1,9cfb8b55b70028d818fe4727d7587586f581673a,1,1,0,False,
pandas_38,pandas,38,SFMH,2,"52c547aea40f7dea69d30fe3a114cd489df954e0,64c8a8d6fecacb796da8265ace870a4fcab98092",2,2,0,False,
pandas_39,pandas,39,SH,1,c729b7302f62fb540248f67249dc20de99d0ba05,1,1,0,False,
pandas_40,pandas,40,SFMH,5,"002a89cefada8894adf9717e83bde663ad1a54aa,808f482bab754f46c261e96f1305b7a1e9c30f54,9cefd6525f747971f13fa33021f24a7cacbf5b60,bb6135880e5e453d7701764b9f2e4ad3356a68d7,d16cce89521c84fcb9c7b7bb2e95629a6fe7acb7",6,6,0,False,
pandas_41,pandas,41,SFMH,6,"225cc9284d1abfbcc9d13203419516575a63cc7a,283f81c28616cd7f11374da866a6d94d3630b150,716efd3f1e08d81743edcb7422fa5eb05523b58d,afc2c86c7d4df06ce4b82585ec93d6925b66e206,c85f5f2d09a1ef28c09ae03a6de4b7cf6f21072d,cc4c0b3809af739caba021f96b59511d6c2fd9c5",25,25,0,False,
pandas_42,pandas,42,SFMH,2,"08c65973643b73e877133d1a7391de7092f4b267,5ebbb56509b9c3d5adbd48df2264faca7f179e18",2,2,0,False,
pandas_43,pandas,43,SFMH,1,f4dc9f9028a3da539126f9a8a37e7c41fc7b4b3c,2,2,0,False,
pandas_44,pandas,44,MFMH,10,"045880c29e4d40dc0458d2a3272d145174b5122d,30c1290610c65d53bcdd1665be3104104ca27eb2,89ed0958157bd599ea5770e62093a52cc04f59ae,af5b2a25793794ad76b91027146e4c9f81ee1224,bb6135880e5e453d7701764b9f2e4ad3356a68d7,be1a62dc513d36f4d322f3ef5c427be9a6609c73,c289b10a4825c759d451b3be92bf351c94be07f0,c8dafb5a7ae9fe42b9d15c47082a6fb139e78b5d,e46026ff4669a30192b91e362ce8cdcbc9693870,f676a21e459853c474acdbf0feed34411c237277",15,15,0,False,
pandas_45,pandas,45,SFMH,0,,0,0,0,True,
pandas_46,pandas,46,MFMH,3,"75410f8c6456c628042912210d4fc0e9268c5b0b,bb6135880e5e453d7701764b9f2e4ad3356a68d7,d16cce89521c84fcb9c7b7bb2e95629a6fe7acb7",8,8,0,False,
pandas_47,pandas,47,MFMH,0,,0,0,0,True,
pandas_48,pandas,48,SL,1,2bf618fbb4891008dc68045bf84e7a5fec558c46,1,1,0,False,
pandas_49,pandas,49,SH,0,,0,0,0,True,
pandas_50,pandas,50,SH,1,9ebbe1bc8f054fcb128181b95a7d22d33da78f36,1,1,0,False,
pandas_51,pandas,51,SFMH,0,,0,0,0,True,
pandas_52,pandas,52,SFMH,3,"31fb39a18dbeeda96c66c9cd59a6e614bbefd4c7,56984626182ffbe16afb7c291c912470938d65c5,a1b2c4b7c5b700166ebe9d2b5b4cf43f46c561cf",18,18,0,False,
pandas_53,pandas,53,MFMH,5,"30c1290610c65d53bcdd1665be3104104ca27eb2,bb6135880e5e453d7701764b9f2e4ad3356a68d7,ca84bd0ae9bd73cb95d8ae6ffb270914c828ed62,e1ca66bae38b8026079dfcbe0edad5f278546608,f19035d3a9848f61f00f753c1b7aac334930d425",15,15,0,False,
pandas_54,pandas,54,MFMH,1,981299c1464124c34822b60dc1c3176494e08219,1,1,0,False,
pandas_55,pandas,55,MFMH,3,"4f7bb5f295a5449bd16f25501ac9025fad5f791e,82ab26af28549cd2a58483e89455296eb3300182,a9b61a9c33f97554cf3dde6272644fc985db8dfb",6,6,0,False,
pandas_56,pandas,56,SH,1,4f7bb5f295a5449bd16f25501ac9025fad5f791e,2,2,0,False,
pandas_57,pandas,57,MFMH,2,"9f279b5b5d2046ee6131472ab0f08e754a2058a8,fb08ceeeeba2ba62f92b47d424b3ae83c20ed9db",10,10,0,False,
pandas_58,pandas,58,SH,1,647f3f091eedd715b7966829a36ef345de4d7a4d,1,1,0,False,
pandas_59,pandas,59,SL,1,3c23dc91146620f53f88eb456943da4440268323,1,1,0,False,
pandas_60,pandas,60,SFMH,1,a9fcdc57734288308678ead210060c69fd1bdbbb,1,1,0,False,
pandas_61,pandas,61,SL,1,859d8950311d96ef5453806cb065a2832293f963,1,1,0,False,
pandas_62,pandas,62,MFMH,0,,0,0,0,True,
pandas_63,pandas,63,SH,4,"2dce536d9a4bf1a9e6b18ae117ca54f3fdc5d2bb,379e145e2733fcee8ed055dec31f282efba1bd79,948f95756c79543bb089a94a85e73011a3730b2d,bb6135880e5e453d7701764b9f2e4ad3356a68d7",15,15,0,False,
pandas_64,pandas,64,SL,1,cb05112fa1f8859279125246d4f41425867db929,1,1,0,False,
pandas_65,pandas,65,MFMH,3,"0d0daa8466d257c3329c54633a9a98867c86d009,21fd692f744b47379b9b2f0760b2663d6338f0cd,6e0ab71e5aaddd783399dfddafa76053d37ab152",6,6,0,False,
pandas_66,pandas,66,MFMH,5,"0c0c647bde50d9112f9ea0a4cc0e3556af5bb7c2,1b5b813ed06a12095e380aa7d0046be479709f90,2d0c96119391c85bd4f7ffbb847759ee3777162a,4be0c0b6719a6b21345b22bbf9d1564f4068ab21,c81712c985eedce3118018e2f783d5048d22f4c3",9,9,0,False,
pandas_67,pandas,67,SFMH,1,276f16da76db5abfd971f62c353bef158031ba53,1,1,0,False,
pandas_68,pandas,68,MFMH,0,,0,0,0,True,
pandas_69,pandas,69,SL,1,bf6763458d08067edb43e83caf64661f3b968188,1,1,0,False,
pandas_70,pandas,70,MFMH,3,"bb6135880e5e453d7701764b9f2e4ad3356a68d7,ce86c21ce7c64089d488965821ac36ac6eddddc9,e9046cce77c977ec491e1f032179f25c82144905",5,5,0,False,
pandas_71,pandas,71,SFMH,0,,0,0,0,True,
pandas_72,pandas,72,SFMH,3,"716efd3f1e08d81743edcb7422fa5eb05523b58d,a39f23855d38a91ccc7b8cb8d941943fa1ea438b,bb6135880e5e453d7701764b9f2e4ad3356a68d7",6,6,0,False,
pandas_73,pandas,73,MFMH,4,"38855759e7ca30f6f0fb50be3dfe73f4ff6d42ab,8794516cf428c6f778aa6a2e55c12cd83a84c40b,a7d1103081e4b49f64a0f872c40ed6c16d275506,fc6247db240de201af8692db5562ac047acefa0c",13,13,0,False,
pandas_74,pandas,74,SL,1,588b558cfa6b57c23e81202046b9f4add0e9e4f0,1,1,0,False,
pandas_75,pandas,75,SFMH,3,"0cc1a3d0bc4617440e3df9e3e55b19cb6fb51a2d,4050e4c807e39bf3f4bdcb5651498a5b4a823faf,cd20c954542c56104aefb7898e6084e7e92c0a2b",4,4,0,False,
pandas_76,pandas,76,SL,1,4fd104a72a825914851820fee623fbcdf1a989a7,1,1,0,False,
pandas_77,pandas,77,SFMH,1,b10610871a24c619995db400e9419eebf8ac34ed,2,2,0,False,
pandas_78,pandas,78,SL,1,f7ed7f8e30e7418b346831c73e2f4541b7ae11be,1,1,0,False,
pandas_79,pandas,79,MFMH,3,"49c0023cd18ca88532b59ce0e8b72fc10b75562b,60ff4e1dad69af4585644ed8e6b7b6b10fb6a98b,698f6893aae45af9c9354167fdd1ad6b762470a1",3,3,0,False,
pandas_80,pandas,80,MFMH,15,"17f2ef3ea5358c1b0e8b6cbb215d1346b1d65f93,283a882811cf3ac31807c6bdaa8eb413de3ce852,2e6f53b63bbf79d66a3162529c5f910ed401474e,36ce3d03672b43cd02565b76b21fac5333c89ae2,493363ef60dd9045888336b5c801b2a3d00e976d,4e807a2923804eb231eb9b7c991273e860c25726,7d7f885856b0c3d51eaf15beaac9d4f30c23797d,8bdd7b13cff50e47551770ed5e8f780e04b2b5ea,8d8ff8f5371aaa365e232fd1c597feb01fe32bfe,bb6135880e5e453d7701764b9f2e4ad3356a68d7,cceef8e83798f14504f71a3b8479e275d1b6a69d,d0d93dbf9cebcb26924a276f4dc37651cb3844f9,d94146cf5d5d9f899a31308d0a4d9e5d132f6442,e73ed45065b825a7fd02b94f578e84fe2abeaa02,fb5025874c3d83cdbda66041c2236ce3873cf4e2",856,856,0,False,
pandas_81,pandas,81,SFMH,0,,0,0,0,True,
pandas_82,pandas,82,SL,1,bb6135880e5e453d7701764b9f2e4ad3356a68d7,1,1,0,False,
pandas_83,pandas,83,MFMH,1,e3e5b0d992f38d79029c254f412cf162b7444c71,4,4,0,False,
pandas_84,pandas,84,MFMH,7,"5122241de2bd4c74abdd78f82eaa112c556c2796,6c0e09f148eb1029bfe56495f003b574ad629800,8439d28f07fece62bc873f306cdd248ad22e665b,91ee418fe8ebe2951599eeb49159379c5200c029,bb6135880e5e453d7701764b9f2e4ad3356a68d7,d8d12d67b08ed300294196ac3c94e30b98a97d49,f478e4f4b0a353fa48ddb19e70cb9abe5b36e1b5",60,60,0,False,
pandas_85,pandas,85,SH,0,,0,0,0,True,
pandas_86,pandas,86,SH,0,,0,0,0,True,
pandas_87,pandas,87,SFMH,1,bb6135880e5e453d7701764b9f2e4ad3356a68d7,1,1,0,False,
pandas_88,pandas,88,SH,1,b28aab9977a0e51f07c78b181df273719cd94b76,1,1,0,False,
pandas_89,pandas,89,SL,1,5f42b953192febca773ebe45f2cf669993cfdfd1,1,1,0,False,
pandas_90,pandas,90,MFMH,9,"0cfc95055ca78ae0ba5189dd84f9319d175586a8,0df88587529e7695558eb7ee970d984bb5d315a8,12de69b4f3bb49cb1bf600928bfb5d8ebf745b43,658840d410f90cb143694ff62faf43aec8a52c51,9f279b5b5d2046ee6131472ab0f08e754a2058a8,a46e5beed5ee0c2395f11ab325eb1b71e6d23c60,a73e4518cf3d10fd239cdbd1be3bcda43443bf2a,bb6135880e5e453d7701764b9f2e4ad3356a68d7,d7913621195424f538748915e82c5c2fcc4164bd",27,27,0,False,
pandas_91,pandas,91,SFMH,3,"08d7b2ca47fce41e9ab0929a64acc54c96ea5731,4b91140a1068f80c2b6953d8950dbfedde7144c7,4f8af44860fffad6535d157e15f5052b64a30781",4,4,0,False,
pandas_92,pandas,92,MFMH,7,"08d7b2ca47fce41e9ab0929a64acc54c96ea5731,6d8c04ce64d975c2fd8c902c0e5df343805bd112,9ba10089f1c57d6fff569af39f0e6d37ee0210f5,a76bf63da8bae51e62ce8f92b2be3074485a9343,b94524775432cc309c57bb82d52bd41e1beb693f,bb6135880e5e453d7701764b9f2e4ad3356a68d7,d5d9d793a61005558bde40116259a6f9cdbef682",15,15,0,False,
pandas_93,pandas,93,SFMH,94,"0227e69bb853fe81d071678732ec57974f91776a,02a97c0a150377fab02fa22580d232c8242b5baa,03244659485a1d5fab229bbb0a083638fac1336c,051f4a2cf70f25649bae680d290cbf3ed77363ab,05780f864f01653d4d7791cd4df66aca54716b4e,0748c91d89e5a8ea1289f055a634770a8dbfa63a,0a61ecdf6b4ea61a67afb4e3862df79adc07053a,0f99f61a141e53c1c386b564f56d4c2165dc06db,181f972d2f4e6bd5c8c33721175f68188cfa1a0d,18a9e4c8ab253e83ba43767d890576186be13332,18b68c778a8aad66cf20982b14243845d29055a7,19626d2567487f8e698174de835c28c900784ed3,1c5b3423d45f7ca8576d5303e0c66d37e6cd6177,2064876e271358f178ad806b3a97d6bc0b37e5ca,225b9b0974c9fb4b800b7c9ae6542e971ed32ae6,23a4a51d1cdab87a5c78d38419d362b7464a88fb,2643721fdd66f11fd91dc245ef200ba792836c56,268150f191884a554359de512ad6330977501796,280a88fdc99d867fbe91ac576184b288bcb49e09,2b136054db3b8f4c8d1aa33160c4bbe3b8ce940e,2c8c5dff0eed5abf7eb7c784dcf505001ee0598d,2f775b0bf45603e6ae85812bdd9548c8f196146d,3592a46e5f4cef313bdc865dfe5d93bc38ddf8b8,4056dedc79fbd6e0640e2c76cece1a2fe314675e,42d6ee7cd1d43dfc2054ec00d82135af87c33574,460945e0952c8e8729e76baafc8db25caa90e2ff,4612a828244725dab1ff928b71cf92d04b40cd04,4ae63aac0b6063b5a8c40cfe088b222d808153c0,4dba140f1d2e835a485d72245e5c7f6fb66ac5c0,51bd049aaabac7df1e97689a62554b7b6d0644c6,555e6e1cbb852b2b0c2cd13f6f575656254160f6,58048e7235e131ce471ffe67e1c2580ec7303e20,588b558cfa6b57c23e81202046b9f4add0e9e4f0,59b431fb3dcd94cae8071d225bd30ad695bedc1c,5c36aa1305b07b1d6da4c2a63b6d5b9887503699,5cbd82bdd3a9d4900849808735a7e2de61bfdf6b,5edc439435b80c18ed910ebd7a5f477104142f3d,6b3df29f6fa9c20a5cba11b36e214c78f00a3343,6fad5a0f815e0e441137908c0366403d2616549d,759a010ed8aee530203e82ad6a41962882267791,76cca0ee5a9ad6d91b7c5c39bc8ce5917dac00b6,79e1fc3d1242901a3080be9bbe8c7a4f8769a748,7a544f0e110f82baef5273ce72349626063a2b70,7aa5d03b3047444926b6441de2b179c7c0b3e821,7cd2679982138e1e7f9f1a759827647e6e521d43,7f3d7b987088a0ec587e5d13f27d40f988f4bf4c,80d150ab9dd99984e5734a69a54738a1c7859ffb,82c9547ddcaf2fd70e00f1368731f14a03bbac88,8562dcca61d774a7d6960a1a6a0838c997fc34c8,88062f75dbca929ec082295c936edd07cc912dbf,8c5068227053fbbad8a7ab755eccd35115dbf6fb,8dc22d8ee51d151ac0b0b63a65395af70f8370f9,90cffc5b6c045fadebbcd085527c16a621a66d7f,9223ff5b4a5bca4c773b72689e616421d2da8cad,985a73b8061607d5a2c0bcc34ef036f00310e09e,9cefd6525f747971f13fa33021f24a7cacbf5b60,a1a2f66fde5b821e07c0eb36e546b7c3aaae28f5,a1cf3f65f62b94a564dabbae8b81f5ac5fc5b0aa,a70694ec2ac8d05d1d7e097fc14aacb65c4d5e02,a7bb9720e969e1bb09165a2e3828b8ef70914196,af4e2ce19c9c0b89db4bc06d7730b68068c6aeae,b387da894076c7427ba7a2fb467c3e821a2cef27,b72a4ff097549aa512768b682d2fc709cfb96c5b,b9a7f612677315a602a0a2b82d88e26677c6e2b5,bb6135880e5e453d7701764b9f2e4ad3356a68d7,bebaff09d511b6478d3ce279fab34e55e48e796a,c18c8be779240be49872860ddbfec9bc5ef0a548,c1be6b1b74f8a608b000d7fa65beb5b1e91c8977,c21235bbc4ee52c3c8383efb31bbfc4251eb33c5,cf11f71e423be65e9c2ae83ea1bab8b69ee79ca4,cf922304a16b1d4539b841f56ab2a83496a80384,d05e8f28c160206204ac26f62a831ef200ea9db0,d0691e05bade043293cb6f9281defe2750987a15,d320ef73a76543a8803f1c0639e1f28d725343cd,d32d464c7ecc480734bd1dd00a06b29a8530cd5a,d46d2a5ea900c59439dff58942e79ea8b39e918d,d765dfbd53a70b94bc8e22b664d9235959832fd6,d7bf6f2cc870c6ba5e465307c5e8271cbaab8af7,e84cf2ad20601dc2da58390f36eb96ca0c902bee,eb9597944e20d4424101226ef0a118a59b7154fe,ed487653bc98f9e8b98e4e1175c49678ad68fa9f,ee27fabb240f99dfd278e1540c5e4ca430a490f0,efc7f2f9734335945c3c1193f76e5ff5d9d27eb5,f0746fcef1ac560ec47bbfb5a2167942b1cde338,f0ba498f71a9aed5b9cfda6ad6099fe9e7292cda,f3642d26e997a627217e01f5a4f73b965be13d0f,f4f37f458d5f1d00b84b48534550fdd3a365f432,f54945ea0678742c4785b0e88a2fa99f62cafa49,fac819692bd22d93e34dbcb207e43960147a6f17,fb4405d5ebc132f50103b500592109988ad6a0c5,fbd39d9a708b6a1b41372c7372f0a238a5a86c43,fca241ac558fa79000c85089847147c30f021a69,fe175b8d5ecc29c8e1358435859a5a3c6ce1939c,ffa4c7775d242458398cd98f90d18efc63ff0dfe",1509,1509,0,False,
pandas_94,pandas,94,SFMH,6,"4f8af44860fffad6535d157e15f5052b64a30781,936a9902d920216edf8e1361755254c7b43025aa,9b90016c0690cdda961d57afeeefd0bf88926701,b68899f7ed55a0f7260cb265629d30437c05fbb1,e756e991d57c2656906d0a3e8fc76950844e3f3e,fc7bc3f74d1f5702bf66c519ad190126538a8f5b",9,9,0,False,
pandas_95,pandas,95,SFMH,2,"5cbd82bdd3a9d4900849808735a7e2de61bfdf6b,c38a416186b2ed789fb6ce6f1b0859d33bb57898",6,6,0,False,
pandas_96,pandas,96,SH,1,7940ab3bcd9453674662fecd6da135fc7b81fabb,1,1,0,False,
pandas_97,pandas,97,SFMH,1,4f8af44860fffad6535d157e15f5052b64a30781,2,2,0,False,
pandas_98,pandas,98,SFMH,3,"bb6135880e5e453d7701764b9f2e4ad3356a68d7,cebc34327c74fed38ad8ee4cffb7b63999c83b9a,ed294301318fae52ab7993ec57aab99f4630e985",7,7,0,False,
pandas_99,pandas,99,SFMH,1,bb6135880e5e453d7701764b9f2e4ad3356a68d7,2,2,0,False,
pandas_100,pandas,100,SH,4,"1bd7b3ad1644ad9d26ac02f507ec7cc0832377bb,2d0c96119391c85bd4f7ffbb847759ee3777162a,710d82c0d393c9031e469ec0371660d8187b7dc3,c420953df9547fcc4fc15ed61708f14b8c4108ab",5,5,0,False,
pandas_101,pandas,101,SFMH,0,,0,0,0,True,
pandas_102,pandas,102,SFMH,2,"669cb27b76b11a07b0dd637a64744c7dc07ac785,bb6135880e5e453d7701764b9f2e4ad3356a68d7",2,2,0,False,
pandas_103,pandas,103,MFMH,0,,0,0,0,True,
pandas_104,pandas,104,SFMH,2,"294a22c0baa2e024d12f70705c4ec85f4c82b2b0,8f6118c6a1547ffd39d9b89df1b8e52128b63aa0",12,12,0,False,
pandas_105,pandas,105,MFMH,24,"1102a33d9776ed316cade079e22be6daa76c9e42,147b92381412c206a05c8e2a4e6c0f1d85e9b890,23eb483d17ce41c0fe41b0bfa72c90df82151598,2f182aa5909df64fff79b3a4152bf2d24b3d810a,3418cc89616fde783ac5729fa257ad159421a2b2,38021ca83d5c85d27236ebc04865f936d2a82f99,498f3008f583407e996322409a4f9af8dec8d775,563c55d74b1e06020d757034eff0db6ca1c946ae,5edc439435b80c18ed910ebd7a5f477104142f3d,69c61c5adedba0a1a1bbda28f1e8d5a33ea2b4f9,7fe3d027c05eea8800c31489a99e016b77b21091,88062f75dbca929ec082295c936edd07cc912dbf,8ee0a898a74df38318dfd01b6f9faa7957b0543c,a4a71f89bf473a84c2a45260acac675dfac83cb3,a8c2f88052806d1817e18fda9ade394f01e92dcd,bb32564c3e1a9c40fb117d87c78073ac235d884f,bb6135880e5e453d7701764b9f2e4ad3356a68d7,c23649143781c658f792e8f7a5b4368ed01f719c,cdda1bbcc7f71c3c59e7bdfeb39873042f726c20,ed35aef6466eb12d2a55260cc1b9df7bcc0087cc,f4b4ec2026327021fa646f9f77cc23600feb49e4,f74fc59793ce1f01e1afcdd29bcdf0dceccaf244,fca241ac558fa79000c85089847147c30f021a69,fd145a0f734422b37d8cf66bb957fe22a99334e2",68,68,0,False,
pandas_106,pandas,106,SL,1,045880c29e4d40dc0458d2a3272d145174b5122d,1,1,0,False,
pandas_107,pandas,107,SFMH,4,"0323336d3c3c919e4773df20826a01d71c31cae7,67e710cfb633fb5cd24a64ebc87dd0de129b61ae,aba927f3fc49944eeb179ce3d1bf664e65677666,bb6135880e5e453d7701764b9f2e4ad3356a68d7",13,13,0,False,
pandas_108,pandas,108,SFMH,1,8747be17f4483cdccda7a1f5f9f6575435d72253,1,1,0,False,
pandas_109,pandas,109,SFMH,0,,0,0,0,True,
pandas_110,pandas,110,MFMH,1,30c1290610c65d53bcdd1665be3104104ca27eb2,1,1,0,False,
pandas_111,pandas,111,MFMH,2,"9991579c812e5a7c977e69f03b390adf7974445f,bb6135880e5e453d7701764b9f2e4ad3356a68d7",5,5,0,False,
pandas_112,pandas,112,MFMH,1,eca73acaf7f7eb4d52445275b9017fb77920e3fe,1,1,0,False,
pandas_113,pandas,113,MFMH,1,8fd8d0dc136e0720ce9b2d05f5f8ea8f62833c47,1,1,0,False,
pandas_114,pandas,114,SFMH,2,"30c1290610c65d53bcdd1665be3104104ca27eb2,bb6135880e5e453d7701764b9f2e4ad3356a68d7",16,16,0,False,
pandas_115,pandas,115,SH,1,c9b0111867a414f312bc4138819a55af45b38ca6,1,1,0,False,
pandas_116,pandas,116,SL,1,d16cce89521c84fcb9c7b7bb2e95629a6fe7acb7,1,1,0,False,
pandas_117,pandas,117,SL,1,7dd4091458d9117e57d2ad9ce3126855bd00108c,1,1,0,False,
pandas_118,pandas,118,SFMH,1,3e01c384b532e32872053bcd71e627c69ec61cb3,2,2,0,False,
pandas_119,pandas,119,SFMH,1,e3b784068a654d13ede6dd4062c8a2b6c9b945c5,1,1,0,False,
pandas_120,pandas,120,MFMH,4,"61fa8bed7c3aa620828923098c64af5610e0f9e3,9e76f4a8d3374cd4f21b2a531b19f58a686136ab,a1b2c4b7c5b700166ebe9d2b5b4cf43f46c561cf,bb6135880e5e453d7701764b9f2e4ad3356a68d7",7,7,0,False,
pandas_121,pandas,121,MFMH,1,720d263a9daa7a45e52a31d14ed9db1179c89cda,1,1,0,False,
pandas_122,pandas,122,SFMH,1,1b5b813ed06a12095e380aa7d0046be479709f90,3,3,0,False,
pandas_123,pandas,123,MFMH,5,"49c0023cd18ca88532b59ce0e8b72fc10b75562b,795b7715850f99cf4d7a5adbe7e8f45c435e7a0a,7dd4091458d9117e57d2ad9ce3126855bd00108c,bb6135880e5e453d7701764b9f2e4ad3356a68d7,e47362a24cfa0729852392f2995b06946b875507",9,9,0,False,
pandas_124,pandas,124,SFMH,0,,0,0,0,True,
pandas_125,pandas,125,MFMH,0,,0,0,0,True,
pandas_126,pandas,126,SH,3,"81a4853cb4592e7f56a08bcc72ff06c5522ee37a,84fa2ef3d17f63709805aae74b2a56b143c551da,ac26c842bb6f45f8693ac8e1446eeee8062d3dd5",4,4,0,False,
pandas_127,pandas,127,SL,0,,0,0,0,True,
pandas_128,pandas,128,SH,0,,0,0,0,True,
pandas_129,pandas,129,SH,0,,0,0,0,True,
pandas_130,pandas,130,SH,0,,0,0,0,True,
pandas_131,pandas,131,SFMH,3,"8edf972fa07aa3b761756aba87c08fea98499687,a7c65ed6b74227a9d4a49097d2da28c876e85c1f,bb6135880e5e453d7701764b9f2e4ad3356a68d7",4,4,0,False,
pandas_132,pandas,132,MFMH,2,"2d0d58c04114b634072e9425824b34cda3aeaef5,bb6135880e5e453d7701764b9f2e4ad3356a68d7",2,2,0,False,
pandas_133,pandas,133,SFMH,1,3747e63380a5aaf792b5cc30ec9a6eed8dd23d7c,2,2,0,False,
pandas_134,pandas,134,MFMH,2,"3ff57e0e2fd275835f63206225200f92da9106a1,dca303e2cd68a3aa423c8757f5d728bfb4ca09a4",2,2,0,False,
pandas_135,pandas,135,SH,1,31fb39a18dbeeda96c66c9cd59a6e614bbefd4c7,1,1,0,False,
pandas_136,pandas,136,SFMH,2,"bb6135880e5e453d7701764b9f2e4ad3356a68d7,d16cce89521c84fcb9c7b7bb2e95629a6fe7acb7",2,2,0,False,
pandas_137,pandas,137,SFMH,1,8993facf0897a192c3a933dea99d5c759959c16b,1,1,0,False,
pandas_138,pandas,138,MFMH,2,"56c3aaeea3c55f098b803caf6318917d79ab2790,8768876a51a3dfa0625bab6925caca8b3e9fcceb",2,2,0,False,
pandas_139,pandas,139,SH,1,bb6135880e5e453d7701764b9f2e4ad3356a68d7,1,1,0,False,
pandas_140,pandas,140,SH,1,bb6135880e5e453d7701764b9f2e4ad3356a68d7,1,1,0,False,
pandas_141,pandas,141,SH,2,"a173cacbffbd49c0aecafda76ace7aed9b0af60c,bb6135880e5e453d7701764b9f2e4ad3356a68d7",2,2,0,False,
pandas_142,pandas,142,MFMH,3,"5bc736c421ecb96e744ddf3261e50bf94ae5b6da,91ee418fe8ebe2951599eeb49159379c5200c029,bb6135880e5e453d7701764b9f2e4ad3356a68d7",42,42,0,False,
pandas_143,pandas,143,SH,2,"a173cacbffbd49c0aecafda76ace7aed9b0af60c,bb6135880e5e453d7701764b9f2e4ad3356a68d7",2,2,0,False,
pandas_144,pandas,144,SH,1,c7748ca057cad4a80a6c4cbf8b49c5d9f3e7ea1c,2,2,0,False,
pandas_145,pandas,145,SH,2,"b9e2278ef29170b051fe519d7512d0a1f011be49,bb6135880e5e453d7701764b9f2e4ad3356a68d7",2,2,0,False,
pandas_146,pandas,146,MFMH,4,"30c1290610c65d53bcdd1665be3104104ca27eb2,7dd4091458d9117e57d2ad9ce3126855bd00108c,bb6135880e5e453d7701764b9f2e4ad3356a68d7,d38627b5889db3f663cad339fe8f995af823b76b",8,8,0,False,
pandas_147,pandas,147,SFMH,2,"3fe697f3c9dcb0c0a7a9b91c0098d31b39f51fef,8f5c9e3541ede2da92a131c301b6de33e97354e3",8,8,0,False,
pandas_148,pandas,148,SFMH,2,"26a2d41ebdb506e2419f2b38a53ecf622d16c319,76b35c6662136302d212448906c1c8bf8225fffd",4,4,0,False,
pandas_149,pandas,149,SFMH,1,6e0927ec352ac5d05332eb9b86b7a84d4a6fbde4,4,4,0,False,
pandas_150,pandas,150,SL,1,7dd4091458d9117e57d2ad9ce3126855bd00108c,1,1,0,False,
pandas_151,pandas,151,SH,2,"336b8d62e3ba184f5e9a857187f9b06e83092e2b,bb6135880e5e453d7701764b9f2e4ad3356a68d7",9,9,0,False,
pandas_152,pandas,152,SH,1,abb94221d63fde6b352c0b23374a822ab5df62a4,1,1,0,False,
pandas_153,pandas,153,SFMH,2,"49d2019723b0089bd357adf6c936c5a82e0cc775,716efd3f1e08d81743edcb7422fa5eb05523b58d",2,2,0,False,
pandas_154,pandas,154,SFMH,2,"31fb39a18dbeeda96c66c9cd59a6e614bbefd4c7,4a276979f27e7e2bd7ef9965d7c8a166d011f240",5,5,0,False,
pandas_155,pandas,155,SH,1,786edc7ed737d9f912613f29a62997017e729a37,1,1,0,False,
pandas_156,pandas,156,SFMH,3,"b3c12b15e8c8a0f87c317fd1bf8e792805f1c582,b9e2278ef29170b051fe519d7512d0a1f011be49,e26e2dfe6e93922830fb5fb7868b87238b85911a",3,3,0,False,
pandas_157,pandas,157,SFMH,2,"bb6135880e5e453d7701764b9f2e4ad3356a68d7,d16cce89521c84fcb9c7b7bb2e95629a6fe7acb7",2,2,0,False,
pandas_158,pandas,158,SFMH,3,"88062f75dbca929ec082295c936edd07cc912dbf,b0d1e2a54653ee41ffd4659b7519a821466a369c,bb6135880e5e453d7701764b9f2e4ad3356a68d7",5,5,0,False,
pandas_159,pandas,159,SFMH,1,7526823d3419e4921143fa1b0ea388eb0dc82c4a,1,1,0,False,
pandas_160,pandas,160,SFMH,3,"51c6799f68b486f165a46e985b3e36720a176f3e,90423398bf86aed982ca4a946e9ddc45b7a4b09b,bb6135880e5e453d7701764b9f2e4ad3356a68d7",3,3,0,False,
pandas_161,pandas,161,SH,2,"5f895976f3f5bc66ad7cebe8c698aaa7a2ae7d8b,ca2d2611c5a657720661990e2f3016356e577d1d",2,2,0,False,
pandas_162,pandas,162,SFMH,3,"0323336d3c3c919e4773df20826a01d71c31cae7,b0d9ee0b4c0911e089d4dd7c6a676557909fb7da,bb494b77ce1e8cedf34ae5c05a29eb3a134f1ece",10,10,0,False,
pandas_163,pandas,163,SH,1,a4c19e7aea4989f42dd021313af7523ed52fea3b,2,2,0,False,
pandas_164,pandas,164,SH,0,,0,0,0,True,
pandas_165,pandas,165,MFMH,1,2643721fdd66f11fd91dc245ef200ba792836c56,3,3,0,False,
pandas_166,pandas,166,SFMH,1,bb6135880e5e453d7701764b9f2e4ad3356a68d7,2,2,0,False,
pandas_167,pandas,167,MFMH,2,"bb6135880e5e453d7701764b9f2e4ad3356a68d7,d3d24fa1687f605b71c1e5bc31f6abfd84a89156",3,3,0,False,
pandas_168,pandas,168,SFMH,2,"25e6a21ac5f3a266de97a6dc00170e106215efa1,31fb39a18dbeeda96c66c9cd59a6e614bbefd4c7",2,2,0,False,
pandas_169,pandas,169,SH,0,,0,0,0,True,
sanic_1,sanic,1,SL,1,a6077a179067812766293f9ab4391b5e1499a9c6,1,1,0,False,
sanic_2,sanic,2,SH,0,,0,0,0,True,
sanic_3,sanic,3,SFMH,1,aa9bf04dfe22c9cc1aae63e5832c93f7b7b0296c,1,1,0,False,
sanic_4,sanic,4,SH,1,1e4b1c4d1a907af559dcf91b697debd60d94bbd7,2,2,0,False,
sanic_5,sanic,5,SL,1,aa9bf04dfe22c9cc1aae63e5832c93f7b7b0296c,1,1,0,False,
thefuck_1,thefuck,1,SFMH,2,"4625d8503dccddb1925ae03c2ad1c14f1e278423,af2bfe7c582c588db7f2a148d46e1cf588938165",2,2,0,False,
thefuck_2,thefuck,2,SL,1,dee018e79279592d2eef38302ac113125b5953f3,1,1,0,False,
thefuck_3,thefuck,3,SFMH,1,25142f81f83cf63c73764ec6e1f581a37af6838f,2,2,0,False,
thefuck_4,thefuck,4,SH,1,83e1710712a9b48fee1822109a10a8324fe64930,3,3,0,False,
thefuck_5,thefuck,5,SL,1,4625d8503dccddb1925ae03c2ad1c14f1e278423,1,1,0,False,
thefuck_6,thefuck,6,SFMH,1,4625d8503dccddb1925ae03c2ad1c14f1e278423,2,2,0,False,
thefuck_7,thefuck,7,SFMH,1,e658f35bd978d39fb4d580c3c62286ab7ec69ec9,4,4,0,False,
thefuck_8,thefuck,8,SFMH,2,"d6b2c512f7a9e51b61b176659332cb85aed42a16,f465fb3ed8be496e057b0d9e008dca7e9b96f2d6",5,5,0,False,
thefuck_9,thefuck,9,SH,1,aa6b18d0ce64b1e9f902a617eb7b88b1b88877d0,1,1,0,False,
thefuck_10,thefuck,10,SFMH,2,"5dbbb3b1ed9b3eb7ac7ec3eb155f7ded3b6f348e,8bd6c5da67e55c64257345efa4e3cc454c42475c",3,3,0,False,
thefuck_11,thefuck,11,SFMH,1,4d89b3499e2e0f87563a2bcd191c8aed67c46249,1,1,0,False,
thefuck_12,thefuck,12,SFMH,2,"251b69b5a00fbbd3a63d3b42dcf12e8adfc46b71,f20311fa89df2887d49395a8815cd3d6a00ef765",2,2,0,False,
thefuck_13,thefuck,13,SFMH,1,0c98053f743f8fcf6c8e248827b08e52a1ee13a4,2,2,0,False,
thefuck_14,thefuck,14,SH,1,abe287a52b748ff8f8760aa2c5bad2c476ee1a0c,5,5,0,False,
thefuck_15,thefuck,15,SFMH,3,"9380eb1f56fda20547c88afd7a5b82f82fa120d9,98a9fb3d7d0a5225ecc73d873d8503e2cad1fbf6,c5e1139879e347001ec357782fd71890f661559a",4,4,0,False,
thefuck_16,thefuck,16,MFMH,4,"084b907ac0c44f07197360ea9c95637b4dab3d16,7ce4307c87c1e2e4106db2c961e48e249be987be,9b260eb2395134b43faa392a98b972c2a0e1c129,f7f0660114a02fe49578ec5684dd02c81042d175",7,7,0,False,
thefuck_17,thefuck,17,MFMH,3,"9b260eb2395134b43faa392a98b972c2a0e1c129,abe287a52b748ff8f8760aa2c5bad2c476ee1a0c,f7f0660114a02fe49578ec5684dd02c81042d175",10,10,0,False,
thefuck_18,thefuck,18,SH,0,,0,0,0,True,
thefuck_19,thefuck,19,SL,1,469c5a60b0196a24a63936408333a3090d3a99cd,1,1,0,False,
thefuck_20,thefuck,20,SFMH,1,4e7eceaa3afafe8585c3b680ec4f3d18b0c0e897,2,2,0,False,
thefuck_21,thefuck,21,SH,1,e4da8a2e5a6635d81443cf30cbb369a61b912be4,2,2,0,False,
thefuck_22,thefuck,22,SH,2,"12394ca8423a438915fed996383b44471fc1139d,61937e9e8f2a35ab9588b4973ec29f11da54a9bd",3,3,0,False,
thefuck_23,thefuck,23,SFMH,1,4129ff2717cc6e6fa51d70cc4e6c31d56ef8e2c9,1,1,0,False,
thefuck_24,thefuck,24,SFMH,2,"12394ca8423a438915fed996383b44471fc1139d,7933e963d86ec0352f9f575036296d69abcb7b0c",8,8,0,False,
thefuck_25,thefuck,25,SL,1,c0c584b13a0d6f5e177e25f48d5de918f1bef7e2,1,1,0,False,
thefuck_26,thefuck,26,SFMH,2,"004c0d06ebc875685115d74371fc9cba0ba6df4b,7cb0388ed0845545e878b29783bbf8e901a02745",2,2,0,False,
thefuck_27,thefuck,27,SL,1,01ce65047a1cd2e21b36fa0b2cee0b7be676ebe3,1,1,0,False,
thefuck_28,thefuck,28,SFMH,2,"4a2f869c6d6ef03d8d7ada1121cc6631d7ef979e,e4b97af73e04c9a936ac8a43fbce874deb3adf70",8,8,0,False,
thefuck_29,thefuck,29,SH,1,d3d1f992328dfaf245ef268090cf54bb492815b7,3,3,0,False,
thefuck_30,thefuck,30,SH,1,de513cacb150049e3f95434f8d6d30b7ed1e0ea7,1,1,0,False,
thefuck_31,thefuck,31,SL,1,15e13d7c1a3b5733c84139e89b09d105bb70de93,1,1,0,False,
thefuck_32,thefuck,32,SH,1,419878f526c35a9caf5f4665693d9170b638081e,1,1,0,False,
spacy_1,spacy,1,SH,2,"3141e04822a8c40e0d64e51a040305ade3f66d8c,eddeb36c96b794601971a79c2e20bb24124fbf9a",2,2,0,False,
spacy_2,spacy,2,SL,0,,0,0,0,True,
spacy_3,spacy,3,SFMH,1,2d249a9502bfc5d3d2111165672d964b1eebe35e,2,2,0,False,
spacy_4,spacy,4,SL,1,37c7c85a86bb6472d6918dd87c99ea6a2170037f,1,1,0,False,
spacy_5,spacy,5,SL,1,87ddbdc33e362336b060e0cb95f8adb008d5f29f,1,1,0,False,
spacy_6,spacy,6,SFMH,1,212c8f071180c9ce134a74b85603e48c14199595,1,1,0,False,
spacy_7,spacy,7,MFMH,3,"399987c2166b55a9e99e1286b7feec229927cd6a,505c9e0e19eb8536b91d92f72c1cf9a5279950f5,f2a56c1b564c79285f211405de452eb372800a7e",4,4,0,False,
spacy_8,spacy,8,SL,0,,0,0,0,True,
spacy_9,spacy,9,SH,0,,0,0,0,True,
spacy_10,spacy,10,SH,0,,0,0,0,True,
black_1,black,1,SFMH,3,"14cbf737dfc705fd72555416591d091d2807aac5,90d205d1f50d4f801b3b3de3c40590eece10c4cd,e74117f172e29e8a980e2c9de929ad50d3769150",3,3,0,False,
black_2,black,2,SFMH,2,"23fec8b0f73a142d1796c8ca958230ad52d83c24,8a8c58252cc023ae250d6febd24f50a8166450d4",9,9,0,False,
black_3,black,3,SL,1,489d00ed8f4fb90d5788609a474632ab5a16591f,1,1,0,False,
black_4,black,4,SH,1,6c3ce53b60b68ca2b532935aeee89729f0bd9fd9,1,1,0,False,
black_5,black,5,SFMH,3,"1610fd6bc5d594c4f27698825913d2f791d3ea02,6b994fdb8ab70ce4c2eafb8f2f0ff2648f3ff1ef,9c9f6eb6d53c4a38c46acfcffa1c90a787a72a77",4,4,0,False,
black_6,black,6,MFMH,8,"36d3c516d3c09fc5f05c420900dd6b854e3c8bbd,6316e293ac30a2837ec20eba289fd28a2a18cf89,ba64fc757c12e59fb35f2306eb4fa75fdc566647,cea13f498418784e22f8fbd78db3f9240a2bad11,d6db1c12a8e14833fe22da377cddc2bd1f43dc14,d9c6b9907390ca73130df1d8253481505eb2bce7,e74117f172e29e8a980e2c9de929ad50d3769150,ea55ff28782f7e3b481c99faaf9f57e88597bdde",17,17,0,False,
black_7,black,7,SFMH,1,cb5aadad74c0a1c9c514a633c632c99b668c70ed,1,1,0,False,
black_8,black,8,SFMH,2,"0c5c5374313566dd9047c3e992a3c23a7ea4b8f2,1610fd6bc5d594c4f27698825913d2f791d3ea02",3,3,0,False,
black_9,black,9,SFMH,1,36d3c516d3c09fc5f05c420900dd6b854e3c8bbd,2,2,0,False,
black_10,black,10,SFMH,1,54d707e10a5bf3d8d352c1bcbc7946bb6f3c01d7,3,3,0,False,
black_11,black,11,SFMH,1,dd4477b70120bf736144c38ec50144253f34dce2,2,2,0,False,
black_12,black,12,SFMH,2,"c9b73b99ac567ce30c36596371bf0a1fad8191c9,d73166c42b7de83249d17125cae3c2594a25b2c3",8,8,0,False,
black_13,black,13,SFMH,1,d9c6b9907390ca73130df1d8253481505eb2bce7,3,3,0,False,
black_14,black,14,MFMH,1,21c8dc85f5fa6ca70b028027a03588e12f532636,12,12,0,False,
black_15,black,15,SFMH,13,"0677a539370b296399854e427ce7df2955ecfe57,21c8dc85f5fa6ca70b028027a03588e12f532636,2f260514f67f154d1c8f59bc9ea899406d8a2cfd,44a235173119eb63b27a648b931940f13c04f424,7e1c5b2ba6355f1a6916cf5545dc577cf2e6c727,80bd2b3134b4f01da4e279d040a224326b3577e5,8a8c58252cc023ae250d6febd24f50a8166450d4,8ebbd268880f15834b70910a6dc61e1ee7596b7c,9f096d55365cb63548eef97e254c2793ae2776a0,c55d08d0b96c8de8bd867ca315e380d9e9d2d7ec,d01460d9393d611c0673723320f7a1e50c424e21,e4340f5c3edcfc2b7ee1ebad4521eeb6deb616df,e74117f172e29e8a980e2c9de929ad50d3769150",178,178,0,False,
black_16,black,16,SFMH,1,75d2af2e3a0d0cf85b1e0c510c626d1ee1938074,1,1,0,False,
black_17,black,17,SFMH,1,80bd2b3134b4f01da4e279d040a224326b3577e5,1,1,0,False,
black_18,black,18,SFMH,4,"10d8976a79f5a7f7e5e36369a81d9e5c983332d1,80bd2b3134b4f01da4e279d040a224326b3577e5,a20a3eeb0f738d3434efe3be8932db11722757a4,e74117f172e29e8a980e2c9de929ad50d3769150",9,9,0,False,
black_19,black,19,SH,0,,0,0,0,True,
black_20,black,20,SH,1,a20a3eeb0f738d3434efe3be8932db11722757a4,2,2,0,False,
black_21,black,21,SL,1,80bd2b3134b4f01da4e279d040a224326b3577e5,1,1,0,False,
black_22,black,22,SFMH,8,"0677a539370b296399854e427ce7df2955ecfe57,28d1442d573abc9aeb567242f584f38eaec3f922,44a235173119eb63b27a648b931940f13c04f424,5fb5cc8c2bd5a0bb1359fb69cdb705b55afade52,a970a205bcea73672e85468836b477d3262ee75e,d01460d9393d611c0673723320f7a1e50c424e21,e74117f172e29e8a980e2c9de929ad50d3769150,e911c79809c4fd9b0773dea5b6a0e710b59614cf",63,63,0,False,
black_23,black,23,MFMH,1,e74117f172e29e8a980e2c9de929ad50d3769150,13,13,0,False,
cookiecutter_1,cookiecutter,1,SL,1,86095f49b9b15a3c9642f1147d72a557a72bd3c3,1,1,0,False,
cookiecutter_2,cookiecutter,2,SFMH,4,"1b948a2c1ed3ae630044f81702a0468063954efa,3c5086092a94f2d6872d5542f19d787a5a4bed9a,457a1a4e862aab4102b644ff1d2b2e2b5a766b3c,c9b61af67d3ceaac0becba476b7257bfcf0c4713",5,5,0,False,
cookiecutter_3,cookiecutter,3,SL,1,57585d44cdab40a98c392bedaf1492544eebc417,1,1,0,False,
cookiecutter_4,cookiecutter,4,MFMH,2,"9568ab6ecd2d6836646006c59473c4a4ac0dee04,d9b7079d0bd89d380e5569d655ebd2e94ffe784d",6,6,0,False,
httpie_1,httpie,1,SFMH,1,0f96348fd1f5435a36ce40f33357fb1872774880,2,2,0,False,
httpie_2,httpie,2,MFMH,1,53caf6ae72751ee8a2f85d817d04f0bf8485506c,1,1,0,False,
httpie_3,httpie,3,SH,0,,0,0,0,True,
httpie_4,httpie,4,SH,2,"098e1d3100a4d33df22e8308e5bccb9358942be6,f5cfd0143b083c907084f5d527a9bd97e02a28f8",2,2,0,False,
httpie_5,httpie,5,SFMH,1,c29981c6330531c4bea19dad9b83038e2cfd3df4,4,4,0,False,
ansible_1,ansible,1,SH,0,,0,0,0,True,
ansible_2,ansible,2,SFMH,1,d3ec31f8d5683926aa6a05bb573d9929a6266fac,8,8,0,False,
ansible_3,ansible,3,SH,1,d810acf7a545b91c6e07562c1e2501dfb7162fec,1,1,0,False,
ansible_4,ansible,4,SFMH,1,7d1a981b61eb996c64c406a92f73022d4d3a041b,1,1,0,False,
ansible_5,ansible,5,MFMH,1,43a44e6f3533170557cb971df6b3272e8bb7fa6b,4,4,0,False,
ansible_6,ansible,6,SFMH,3,"309e342aaa8b2fcc1255e4f0fe37de99629b6b25,a7fd6e99d90d2c991aa1cc97b9fb0ba7d153bd8b,b6791e6ae3891951fc38518fdb52d53219987498",8,8,0,False,
ansible_7,ansible,7,SFMH,2,"446dcb7c963a3b3cd72410b572f4adb062b56a8e,741d529409a03c361efc78a418bc56c4dc5a52eb",4,4,0,False,
ansible_8,ansible,8,SFMH,2,"198423d6fbe82110b897a088744f099f783cd452,e87cf4a3cc2d74695b226e6ff073da342f72abf2",8,8,0,False,
ansible_9,ansible,9,SFMH,2,"65f0668475f97a4bef6b761d07bd5d0f8470b370,978fe81a6d047391990298aa5081214dd3f74d98",3,3,0,False,
ansible_10,ansible,10,SFMH,1,fabce9810445f3bc11e9cf1b38d9b69a58cd5099,1,1,0,False,
ansible_11,ansible,11,SFMH,5,"01a92f0191de904ca8351cbfd1516e1aee874372,2ce082c2778895ea6c280bd7c067750fe8ab8e80,66e29f0a7c4c9507e7c9c2d576765ba17bda75ec,6e56a615351c1c38793f5cc1697622400a9e975f,98c98125f06f6903bf8f12ab76b5794c72a1f37c",16,16,0,False,
ansible_12,ansible,12,SFMH,1,1544dde932f57bee63ca4e9b43b4a95963aa832c,3,3,0,False,
ansible_13,ansible,13,MFMH,1,b6791e6ae3891951fc38518fdb52d53219987498,3,3,0,False,
ansible_14,ansible,14,SFMH,2,"a7fd6e99d90d2c991aa1cc97b9fb0ba7d153bd8b,e747487720ce682798cfdbbfecb9b7299f9a6a2b",3,3,0,False,
ansible_15,ansible,15,SL,1,2c99cbc8746735381eec6e4ee3f5ae8b9e7d7971,1,1,0,False,
ansible_16,ansible,16,MFMH,2,"55306906cf7577cc5a666bf6f3d0486dcf937c03,f231f2166963c86b5193ace905bf6dbfd50fb61f",6,6,0,False,
ansible_17,ansible,17,SFMH,0,,0,0,0,True,
ansible_18,ansible,18,SFMH,3,"b6791e6ae3891951fc38518fdb52d53219987498,d60bc492b6e405ebcde929b4b9e8b8bdf59f1be4,f21307da911b0d81896bfb77092744a6ae4275d1",3,3,0,False,
PySnooper_1,PySnooper,1,MFMH,4,"2708376bdf153f44872bfc08fd09acb61365ad15,3b8de8826ea2f177cbcdeb0277d193c108505012,443b442b1daf1ad42771555881e669f923604ef4,d200457d6336782876dc5a702dee91936b419f85",4,4,0,False,
PySnooper_2,PySnooper,2,SFMH,8,"2801ce0c0ea770b46b1db7c9fab958b1bfe791e7,443b442b1daf1ad42771555881e669f923604ef4,49f7dd504bba0facba87ef68655c0f4577b030e3,6553cd50f0b160e96ac54ad565f8d581de8b1670,b805ea0dc450e4782764f87ebf9489bf4e7e07d4,d200457d6336782876dc5a702dee91936b419f85,d24f9e38469be216b8be913791132453c17e3bd7,fae0ce0c769a348c7ff88e98fb960e9d9756c3d0",9,9,0,False,
PySnooper_3,PySnooper,3,SL,1,621a4865cc05326fb3f892df2e7c455912860481,1,1,0,False,
