Entity,Score
keras/backend/tensorflow_backend.py::1387,0.909091
keras/backend/tensorflow_backend.py::1556,0.909091
keras/callbacks.py::1051,0.909091
keras/callbacks.py::1052,0.909091
keras/callbacks.py::1053,0.909091
keras/callbacks.py::1054,0.909091
keras/callbacks.py::1057,0.909091
keras/callbacks.py::1060,0.909091
keras/callbacks.py::1061,0.909091
keras/callbacks.py::1062,0.909091
keras/callbacks.py::1065,0.909091
keras/callbacks.py::1068,0.909091
keras/callbacks.py::1069,0.909091
keras/callbacks.py::1072,0.909091
keras/callbacks.py::1073,0.909091
keras/callbacks.py::1076,0.909091
keras/engine/training.py::101,0.909091
keras/engine/training.py::102,0.909091
keras/engine/training.py::117,0.909091
keras/engine/training.py::120,0.909091
keras/engine/training.py::1394,0.909091
keras/engine/training.py::1578,0.909091
keras/engine/training.py::1579,0.909091
keras/engine/training.py::1580,0.909091
keras/engine/training.py::1581,0.909091
keras/engine/training.py::1582,0.909091
keras/engine/training.py::1585,0.909091
keras/engine/training.py::1589,0.909091
keras/engine/training.py::1591,0.909091
keras/engine/training.py::1592,0.909091
keras/engine/training.py::1593,0.909091
keras/engine/training.py::1594,0.909091
keras/engine/training.py::1595,0.909091
keras/engine/training.py::1596,0.909091
keras/engine/training.py::1597,0.909091
keras/engine/training.py::1613,0.909091
keras/engine/training.py::182,0.909091
keras/engine/training.py::189,0.909091
keras/engine/training.py::196,0.909091
keras/engine/training.py::200,0.909091
keras/engine/training.py::2006,0.909091
keras/engine/training.py::201,0.909091
keras/engine/training.py::2139,0.909091
keras/engine/training.py::2140,0.909091
keras/engine/training.py::2141,0.909091
keras/engine/training.py::2142,0.909091
keras/engine/training.py::2143,0.909091
keras/engine/training.py::2144,0.909091
keras/engine/training.py::2145,0.909091
keras/engine/training.py::2154,0.909091
keras/engine/training.py::2157,0.909091
keras/engine/training.py::2158,0.909091
keras/engine/training.py::2215,0.909091
keras/engine/training.py::2217,0.909091
keras/engine/training.py::2218,0.909091
keras/engine/training.py::2219,0.909091
keras/engine/training.py::2220,0.909091
keras/engine/training.py::2221,0.909091
keras/engine/training.py::2222,0.909091
keras/engine/training.py::2228,0.909091
keras/engine/training.py::2229,0.909091
keras/engine/training.py::2230,0.909091
keras/engine/training.py::2232,0.909091
keras/engine/training.py::2233,0.909091
keras/engine/training.py::2234,0.909091
keras/engine/training.py::2235,0.909091
keras/engine/training.py::2237,0.909091
keras/engine/training.py::2238,0.909091
keras/engine/training.py::2239,0.909091
keras/engine/training.py::2240,0.909091
keras/engine/training.py::2241,0.909091
keras/engine/training.py::2243,0.909091
keras/engine/training.py::2244,0.909091
keras/engine/training.py::2245,0.909091
keras/engine/training.py::2250,0.909091
keras/engine/training.py::2251,0.909091
keras/engine/training.py::2252,0.909091
keras/engine/training.py::2260,0.909091
keras/engine/training.py::2262,0.909091
keras/engine/training.py::2263,0.909091
keras/engine/training.py::2268,0.909091
keras/engine/training.py::2271,0.909091
keras/engine/training.py::2273,0.909091
keras/engine/training.py::2274,0.909091
keras/engine/training.py::2277,0.909091
keras/engine/training.py::2278,0.909091
keras/engine/training.py::2280,0.909091
keras/engine/training.py::2284,0.909091
keras/engine/training.py::2285,0.909091
keras/engine/training.py::2286,0.909091
keras/engine/training.py::2287,0.909091
keras/engine/training.py::2288,0.909091
keras/engine/training.py::239,0.909091
keras/engine/training.py::241,0.909091
keras/engine/training.py::504,0.909091
keras/engine/training.py::508,0.909091
keras/engine/training.py::509,0.909091
keras/engine/training.py::511,0.909091
keras/engine/training.py::523,0.909091
keras/engine/training.py::524,0.909091
keras/engine/training.py::533,0.909091
keras/engine/training.py::539,0.909091
keras/engine/training.py::540,0.909091
keras/engine/training.py::542,0.909091
keras/engine/training.py::544,0.909091
keras/engine/training.py::658,0.909091
keras/engine/training.py::659,0.909091
keras/engine/training.py::662,0.909091
keras/engine/training.py::663,0.909091
keras/engine/training.py::664,0.909091
keras/engine/training.py::692,0.909091
keras/engine/training.py::693,0.909091
keras/engine/training.py::694,0.909091
keras/engine/training.py::696,0.909091
keras/engine/training.py::697,0.909091
keras/engine/training.py::698,0.909091
keras/engine/training.py::699,0.909091
keras/engine/training.py::700,0.909091
keras/engine/training.py::703,0.909091
keras/engine/training.py::706,0.909091
keras/engine/training.py::707,0.909091
keras/engine/training.py::710,0.909091
keras/engine/training.py::711,0.909091
keras/engine/training.py::712,0.909091
keras/engine/training.py::769,0.909091
keras/engine/training.py::770,0.909091
keras/engine/training.py::771,0.909091
keras/engine/training.py::774,0.909091
keras/engine/training.py::775,0.909091
keras/engine/training.py::776,0.909091
keras/engine/training.py::777,0.909091
keras/engine/training.py::78,0.909091
keras/engine/training.py::781,0.909091
keras/engine/training.py::782,0.909091
keras/engine/training.py::783,0.909091
keras/engine/training.py::785,0.909091
keras/engine/training.py::786,0.909091
keras/engine/training.py::787,0.909091
keras/engine/training.py::788,0.909091
keras/engine/training.py::79,0.909091
keras/engine/training.py::790,0.909091
keras/engine/training.py::791,0.909091
keras/engine/training.py::792,0.909091
keras/engine/training.py::793,0.909091
keras/engine/training.py::795,0.909091
keras/engine/training.py::796,0.909091
keras/engine/training.py::800,0.909091
keras/engine/training.py::801,0.909091
keras/engine/training.py::802,0.909091
keras/engine/training.py::803,0.909091
keras/engine/training.py::807,0.909091
keras/engine/training.py::808,0.909091
keras/engine/training.py::809,0.909091
keras/engine/training.py::810,0.909091
keras/engine/training.py::811,0.909091
keras/engine/training.py::812,0.909091
keras/engine/training.py::814,0.909091
keras/engine/training.py::815,0.909091
keras/engine/training.py::816,0.909091
keras/engine/training.py::817,0.909091
keras/engine/training.py::87,0.909091
keras/engine/training.py::870,0.909091
keras/engine/training.py::88,0.909091
keras/engine/training.py::90,0.909091
keras/engine/training.py::910,0.909091
keras/engine/training.py::911,0.909091
keras/engine/training.py::912,0.909091
keras/engine/training.py::915,0.909091
keras/engine/training.py::919,0.909091
keras/engine/training.py::921,0.909091
keras/engine/training.py::922,0.909091
keras/engine/training.py::93,0.909091
keras/metrics.py::25,0.909091
keras/metrics.py::26,0.909091
keras/metrics.py::27,0.909091
keras/metrics.py::68,0.909091
keras/metrics.py::69,0.909091
keras/utils/data_utils.py::390,0.909091
keras/utils/data_utils.py::472,0.909091
keras/utils/data_utils.py::500,0.909091
keras/utils/data_utils.py::524,0.909091
keras/utils/data_utils.py::536,0.909091
keras/utils/data_utils.py::537,0.909091
keras/utils/data_utils.py::567,0.909091
keras/utils/data_utils.py::630,0.909091
keras/utils/data_utils.py::631,0.909091
keras/utils/data_utils.py::632,0.909091
keras/utils/data_utils.py::633,0.909091
keras/utils/data_utils.py::634,0.909091
keras/utils/data_utils.py::636,0.909091
keras/utils/data_utils.py::648,0.909091
keras/utils/data_utils.py::649,0.909091
keras/utils/data_utils.py::661,0.909091
keras/utils/data_utils.py::687,0.909091
keras/backend/tensorflow_backend.py::1523,0.660409
keras/engine/training.py::1111,0.660409
keras/engine/training.py::1112,0.660409
keras/engine/training.py::1225,0.660409
keras/engine/training.py::1226,0.660409
keras/engine/training.py::1227,0.660409
keras/engine/training.py::1228,0.660409
keras/engine/training.py::1231,0.660409
keras/engine/training.py::1232,0.660409
keras/engine/training.py::1296,0.660409
keras/engine/training.py::1602,0.660409
keras/engine/training.py::1603,0.660409
keras/engine/training.py::1604,0.660409
keras/engine/training.py::1607,0.660409
keras/engine/training.py::1608,0.660409
keras/engine/training.py::1610,0.660409
keras/engine/training.py::1611,0.660409
keras/engine/training.py::1612,0.660409
keras/engine/training.py::2000,0.660409
keras/engine/training.py::2001,0.660409
keras/engine/training.py::2003,0.660409
keras/engine/training.py::2004,0.660409
keras/engine/training.py::2005,0.660409
keras/engine/training.py::2010,0.660409
keras/engine/training.py::2011,0.660409
keras/engine/training.py::2012,0.660409
keras/engine/training.py::2013,0.660409
keras/engine/training.py::2019,0.660409
keras/engine/training.py::2020,0.660409
keras/engine/training.py::2023,0.660409
keras/engine/training.py::2024,0.660409
keras/engine/training.py::2025,0.660409
keras/engine/training.py::2026,0.660409
keras/engine/training.py::2027,0.660409
keras/engine/training.py::2030,0.660409
keras/engine/training.py::2033,0.660409
keras/engine/training.py::2034,0.660409
keras/engine/training.py::2035,0.660409
keras/engine/training.py::2036,0.660409
keras/engine/training.py::2037,0.660409
keras/engine/training.py::2038,0.660409
keras/engine/training.py::2039,0.660409
keras/engine/training.py::2040,0.660409
keras/engine/training.py::2042,0.660409
keras/engine/training.py::2044,0.660409
keras/engine/training.py::2062,0.660409
keras/engine/training.py::2063,0.660409
keras/engine/training.py::2069,0.660409
keras/engine/training.py::2070,0.660409
keras/engine/training.py::2071,0.660409
keras/engine/training.py::2073,0.660409
keras/engine/training.py::2074,0.660409
keras/engine/training.py::2075,0.660409
keras/engine/training.py::2076,0.660409
keras/engine/training.py::2077,0.660409
keras/engine/training.py::2079,0.660409
keras/engine/training.py::2080,0.660409
keras/engine/training.py::2081,0.660409
keras/engine/training.py::2082,0.660409
keras/engine/training.py::2083,0.660409
keras/engine/training.py::2085,0.660409
keras/engine/training.py::2086,0.660409
keras/engine/training.py::2087,0.660409
keras/engine/training.py::2088,0.660409
keras/engine/training.py::2089,0.660409
keras/engine/training.py::2090,0.660409
keras/engine/training.py::2091,0.660409
keras/engine/training.py::2093,0.660409
keras/engine/training.py::2099,0.660409
keras/engine/training.py::2100,0.660409
keras/engine/training.py::2101,0.660409
keras/engine/training.py::2110,0.660409
keras/engine/training.py::2111,0.660409
keras/engine/training.py::2112,0.660409
keras/engine/training.py::2117,0.660409
keras/engine/training.py::2118,0.660409
keras/engine/training.py::2119,0.660409
keras/engine/training.py::2121,0.660409
keras/engine/training.py::2122,0.660409
keras/engine/training.py::2123,0.660409
keras/engine/training.py::2125,0.660409
keras/engine/training.py::2127,0.660409
keras/engine/training.py::2128,0.660409
keras/engine/training.py::2130,0.660409
keras/engine/training.py::2133,0.660409
keras/engine/training.py::2134,0.660409
keras/engine/training.py::2135,0.660409
keras/engine/training.py::2138,0.660409
keras/engine/training.py::2160,0.660409
keras/engine/training.py::2163,0.660409
keras/engine/training.py::2164,0.660409
keras/engine/training.py::2165,0.660409
keras/engine/training.py::2169,0.660409
keras/engine/training.py::2170,0.660409
keras/engine/training.py::2172,0.660409
keras/engine/training.py::2173,0.660409
keras/engine/training.py::335,0.660409
keras/engine/training.py::336,0.660409
keras/engine/training.py::337,0.660409
keras/engine/training.py::338,0.660409
keras/engine/training.py::339,0.660409
keras/engine/training.py::340,0.660409
keras/engine/training.py::341,0.660409
keras/engine/training.py::342,0.660409
keras/engine/training.py::869,0.660409
keras/legacy/interfaces.py::28,0.660409
keras/legacy/interfaces.py::568,0.660409
keras/legacy/interfaces.py::569,0.660409
keras/legacy/interfaces.py::570,0.660409
keras/legacy/interfaces.py::582,0.660409
keras/legacy/interfaces.py::583,0.660409
keras/legacy/interfaces.py::594,0.660409
keras/losses.py::14,0.660409
keras/utils/data_utils.py::468,0.660409
keras/utils/data_utils.py::471,0.660409
keras/utils/data_utils.py::475,0.660409
keras/utils/data_utils.py::476,0.660409
keras/utils/data_utils.py::477,0.660409
keras/utils/data_utils.py::478,0.660409
keras/utils/data_utils.py::479,0.660409
keras/utils/data_utils.py::480,0.660409
keras/utils/data_utils.py::481,0.660409
keras/utils/data_utils.py::482,0.660409
keras/utils/data_utils.py::483,0.660409
keras/utils/data_utils.py::484,0.660409
keras/utils/data_utils.py::487,0.660409
keras/utils/data_utils.py::497,0.660409
keras/utils/data_utils.py::501,0.660409
keras/utils/data_utils.py::502,0.660409
keras/utils/data_utils.py::503,0.660409
keras/utils/data_utils.py::504,0.660409
keras/utils/data_utils.py::505,0.660409
keras/utils/data_utils.py::506,0.660409
keras/utils/data_utils.py::510,0.660409
keras/utils/data_utils.py::511,0.660409
keras/utils/data_utils.py::512,0.660409
keras/utils/data_utils.py::513,0.660409
keras/utils/data_utils.py::517,0.660409
keras/utils/data_utils.py::518,0.660409
keras/utils/data_utils.py::519,0.660409
keras/utils/data_utils.py::520,0.660409
keras/utils/data_utils.py::521,0.660409
keras/utils/data_utils.py::522,0.660409
keras/utils/data_utils.py::523,0.660409
keras/utils/data_utils.py::525,0.660409
keras/utils/data_utils.py::526,0.660409
keras/utils/data_utils.py::529,0.660409
keras/utils/data_utils.py::531,0.660409
keras/utils/data_utils.py::533,0.660409
keras/utils/data_utils.py::548,0.660409
keras/utils/data_utils.py::549,0.660409
keras/utils/data_utils.py::550,0.660409
keras/utils/data_utils.py::551,0.660409
keras/utils/data_utils.py::552,0.660409
keras/utils/data_utils.py::553,0.660409
keras/utils/data_utils.py::554,0.660409
keras/utils/data_utils.py::561,0.660409
keras/utils/data_utils.py::563,0.660409
keras/utils/data_utils.py::564,0.660409
keras/utils/data_utils.py::578,0.660409
keras/utils/data_utils.py::579,0.660409
keras/utils/data_utils.py::580,0.660409
keras/utils/data_utils.py::581,0.660409
keras/utils/data_utils.py::582,0.660409
keras/utils/data_utils.py::583,0.660409
keras/utils/data_utils.py::584,0.660409
keras/utils/data_utils.py::585,0.660409
keras/utils/data_utils.py::588,0.660409
keras/utils/data_utils.py::589,0.660409
keras/utils/data_utils.py::612,0.660409
keras/utils/data_utils.py::613,0.660409
keras/utils/data_utils.py::614,0.660409
keras/utils/data_utils.py::615,0.660409
keras/utils/data_utils.py::616,0.660409
keras/utils/data_utils.py::617,0.660409
keras/utils/data_utils.py::618,0.660409
keras/utils/data_utils.py::629,0.660409
keras/utils/data_utils.py::643,0.660409
keras/utils/data_utils.py::644,0.660409
keras/utils/data_utils.py::651,0.660409
keras/utils/data_utils.py::652,0.660409
keras/utils/data_utils.py::662,0.660409
keras/utils/data_utils.py::663,0.660409
keras/utils/data_utils.py::669,0.660409
keras/utils/data_utils.py::679,0.660409
keras/utils/data_utils.py::680,0.660409
keras/utils/data_utils.py::682,0.660409
keras/utils/data_utils.py::683,0.660409
keras/utils/data_utils.py::684,0.660409
keras/utils/data_utils.py::689,0.660409
keras/utils/data_utils.py::693,0.660409
keras/utils/data_utils.py::694,0.660409
keras/utils/data_utils.py::695,0.660409
keras/utils/data_utils.py::705,0.660409
keras/utils/data_utils.py::706,0.660409
keras/utils/data_utils.py::707,0.660409
keras/utils/data_utils.py::708,0.660409
keras/utils/data_utils.py::709,0.660409
keras/utils/generic_utils.py::358,0.660409
keras/backend/tensorflow_backend.py::1424,0.545836
keras/callbacks.py::258,0.545836
keras/callbacks.py::259,0.545836
keras/callbacks.py::271,0.545836
keras/callbacks.py::287,0.545836
keras/engine/training.py::1019,0.545836
keras/engine/training.py::1109,0.545836
keras/engine/training.py::1110,0.545836
keras/engine/training.py::1313,0.545836
keras/engine/training.py::1634,0.545836
keras/engine/training.py::1635,0.545836
keras/engine/training.py::1636,0.545836
keras/engine/training.py::174,0.545836
keras/engine/training.py::1757,0.545836
keras/engine/training.py::1777,0.545836
keras/engine/training.py::181,0.545836
keras/engine/training.py::1891,0.545836
keras/engine/training.py::190,0.545836
keras/engine/training.py::417,0.545836
keras/engine/training.py::444,0.545836
keras/engine/training.py::63,0.545836
keras/engine/training.py::64,0.545836
keras/engine/training.py::641,0.545836
keras/engine/training.py::647,0.545836
keras/engine/training.py::648,0.545836
keras/engine/training.py::649,0.545836
keras/engine/training.py::650,0.545836
keras/engine/training.py::654,0.545836
keras/engine/training.py::655,0.545836
keras/engine/training.py::656,0.545836
keras/engine/training.py::66,0.545836
keras/engine/training.py::67,0.545836
keras/engine/training.py::678,0.545836
keras/engine/training.py::679,0.545836
keras/engine/training.py::68,0.545836
keras/engine/training.py::72,0.545836
keras/engine/training.py::742,0.545836
keras/engine/training.py::851,0.545836
keras/engine/training.py::887,0.545836
keras/engine/training.py::888,0.545836
keras/engine/training.py::889,0.545836
keras/engine/training.py::890,0.545836
keras/engine/training.py::907,0.545836
keras/engine/training.py::924,0.545836
keras/engine/training.py::925,0.545836
keras/engine/training.py::926,0.545836
keras/engine/training.py::928,0.545836
keras/engine/training.py::929,0.545836
keras/engine/training.py::930,0.545836
keras/engine/training.py::931,0.545836
keras/engine/training.py::932,0.545836
keras/losses.py::110,0.545836
keras/metrics.py::65,0.545836
keras/utils/generic_utils.py::298,0.545836
keras/utils/generic_utils.py::299,0.545836
keras/callbacks.py::214,0.476190
keras/callbacks.py::298,0.476190
keras/callbacks.py::89,0.476190
keras/engine/training.py::1005,0.476190
keras/engine/training.py::1202,0.476190
keras/engine/training.py::1289,0.476190
keras/engine/training.py::1290,0.476190
keras/engine/training.py::1291,0.476190
keras/engine/training.py::1292,0.476190
keras/engine/training.py::1293,0.476190
keras/engine/training.py::1294,0.476190
keras/engine/training.py::1299,0.476190
keras/engine/training.py::1300,0.476190
keras/engine/training.py::1302,0.476190
keras/engine/training.py::1304,0.476190
keras/engine/training.py::1305,0.476190
keras/engine/training.py::1306,0.476190
keras/engine/training.py::1307,0.476190
keras/engine/training.py::1308,0.476190
keras/engine/training.py::1309,0.476190
keras/engine/training.py::1311,0.476190
keras/engine/training.py::1366,0.476190
keras/engine/training.py::1388,0.476190
keras/engine/training.py::1624,0.476190
keras/engine/training.py::1719,0.476190
keras/engine/training.py::1870,0.476190
keras/engine/training.py::1877,0.476190
keras/engine/training.py::1888,0.476190
keras/engine/training.py::1889,0.476190
keras/engine/training.py::1890,0.476190
keras/engine/training.py::1894,0.476190
keras/engine/training.py::1895,0.476190
keras/engine/training.py::1896,0.476190
keras/engine/training.py::1898,0.476190
keras/engine/training.py::332,0.476190
keras/engine/training.py::334,0.476190
keras/engine/training.py::691,0.476190
keras/engine/training.py::701,0.476190
keras/engine/training.py::702,0.476190
keras/engine/training.py::708,0.476190
keras/engine/training.py::821,0.476190
keras/engine/training.py::822,0.476190
keras/utils/generic_utils.py::317,0.476190
keras/utils/generic_utils.py::333,0.476190
keras/utils/generic_utils.py::334,0.476190
keras/utils/generic_utils.py::336,0.476190
keras/utils/generic_utils.py::339,0.476190
keras/utils/generic_utils.py::341,0.476190
keras/engine/training.py::1015,0.428070
keras/engine/training.py::1017,0.428070
keras/engine/training.py::1018,0.428070
keras/engine/training.py::1024,0.428070
keras/engine/training.py::1025,0.428070
keras/engine/training.py::1026,0.428070
keras/engine/training.py::1027,0.428070
keras/engine/training.py::1028,0.428070
keras/engine/training.py::1029,0.428070
keras/engine/training.py::1256,0.428070
keras/engine/training.py::1257,0.428070
keras/engine/training.py::1258,0.428070
keras/engine/training.py::1259,0.428070
keras/engine/training.py::1264,0.428070
keras/engine/training.py::1338,0.428070
keras/engine/training.py::1341,0.428070
keras/engine/training.py::1383,0.428070
keras/engine/training.py::1705,0.428070
keras/engine/training.py::1707,0.428070
keras/engine/training.py::1712,0.428070
keras/engine/training.py::1713,0.428070
keras/engine/training.py::1714,0.428070
keras/engine/training.py::1715,0.428070
keras/engine/training.py::1716,0.428070
keras/engine/training.py::1718,0.428070
keras/engine/training.py::1722,0.428070
keras/engine/training.py::1723,0.428070
keras/engine/training.py::1724,0.428070
keras/engine/training.py::1725,0.428070
keras/engine/training.py::1726,0.428070
keras/engine/training.py::1727,0.428070
keras/engine/training.py::1756,0.428070
keras/engine/training.py::1758,0.428070
keras/engine/training.py::1763,0.428070
keras/engine/training.py::1764,0.428070
keras/engine/training.py::1765,0.428070
keras/engine/training.py::1766,0.428070
keras/engine/training.py::1776,0.428070
keras/engine/training.py::1780,0.428070
keras/engine/training.py::1781,0.428070
keras/engine/training.py::1782,0.428070
keras/engine/training.py::1783,0.428070
keras/engine/training.py::1865,0.428070
keras/engine/training.py::1866,0.428070
keras/engine/training.py::1867,0.428070
keras/engine/training.py::1868,0.428070
keras/engine/training.py::1869,0.428070
keras/engine/training.py::1873,0.428070
keras/engine/training.py::1874,0.428070
keras/engine/training.py::1875,0.428070
keras/utils/generic_utils.py::348,0.428070
keras/backend/tensorflow_backend.py::117,0.392235
keras/backend/tensorflow_backend.py::118,0.392235
keras/backend/tensorflow_backend.py::122,0.392235
keras/backend/tensorflow_backend.py::2672,0.392235
keras/backend/tensorflow_backend.py::2674,0.392235
keras/backend/tensorflow_backend.py::2675,0.392235
keras/backend/tensorflow_backend.py::2676,0.392235
keras/backend/tensorflow_backend.py::2680,0.392235
keras/backend/tensorflow_backend.py::2681,0.392235
keras/backend/tensorflow_backend.py::2682,0.392235
keras/backend/tensorflow_backend.py::2683,0.392235
keras/backend/tensorflow_backend.py::2686,0.392235
keras/backend/tensorflow_backend.py::2687,0.392235
keras/backend/tensorflow_backend.py::2688,0.392235
keras/backend/tensorflow_backend.py::2713,0.392235
keras/backend/tensorflow_backend.py::2734,0.392235
keras/backend/tensorflow_backend.py::2735,0.392235
keras/backend/tensorflow_backend.py::2736,0.392235
keras/backend/tensorflow_backend.py::2740,0.392235
keras/backend/tensorflow_backend.py::2746,0.392235
keras/backend/tensorflow_backend.py::2753,0.392235
keras/backend/tensorflow_backend.py::2754,0.392235
keras/backend/tensorflow_backend.py::2755,0.392235
keras/backend/tensorflow_backend.py::2756,0.392235
keras/backend/tensorflow_backend.py::3008,0.392235
keras/backend/tensorflow_backend.py::3009,0.392235
keras/backend/tensorflow_backend.py::3010,0.392235
keras/backend/tensorflow_backend.py::3013,0.392235
keras/backend/tensorflow_backend.py::597,0.392235
keras/engine/topology.py::772,0.392235
keras/engine/training.py::1000,0.392235
keras/engine/training.py::1002,0.392235
keras/engine/training.py::1003,0.392235
keras/engine/training.py::1004,0.392235
keras/engine/training.py::1008,0.392235
keras/engine/training.py::1009,0.392235
keras/engine/training.py::1010,0.392235
keras/engine/training.py::1011,0.392235
keras/engine/training.py::1012,0.392235
keras/engine/training.py::103,0.392235
keras/engine/training.py::1333,0.392235
keras/engine/training.py::1334,0.392235
keras/engine/training.py::1335,0.392235
keras/engine/training.py::1336,0.392235
keras/engine/training.py::1337,0.392235
keras/engine/training.py::1342,0.392235
keras/engine/training.py::1360,0.392235
keras/engine/training.py::1361,0.392235
keras/engine/training.py::1362,0.392235
keras/engine/training.py::1363,0.392235
keras/engine/training.py::1364,0.392235
keras/engine/training.py::1370,0.392235
keras/engine/training.py::1371,0.392235
keras/engine/training.py::1372,0.392235
keras/engine/training.py::1373,0.392235
keras/engine/training.py::1374,0.392235
keras/engine/training.py::1375,0.392235
keras/engine/training.py::1376,0.392235
keras/engine/training.py::1382,0.392235
keras/engine/training.py::1384,0.392235
keras/engine/training.py::1385,0.392235
keras/engine/training.py::1386,0.392235
keras/engine/training.py::1617,0.392235
keras/engine/training.py::1638,0.392235
keras/engine/training.py::1639,0.392235
keras/engine/training.py::1640,0.392235
keras/engine/training.py::1828,0.392235
keras/engine/training.py::74,0.392235
keras/engine/training.py::75,0.392235
keras/engine/training.py::77,0.392235
keras/engine/training.py::867,0.392235
keras/engine/training.py::984,0.392235
keras/layers/core.py::101,0.392235
keras/layers/core.py::102,0.392235
keras/layers/core.py::110,0.392235
keras/layers/core.py::111,0.392235
keras/layers/core.py::113,0.392235
keras/layers/core.py::114,0.392235
keras/layers/core.py::115,0.392235
keras/layers/core.py::116,0.392235
keras/layers/core.py::117,0.392235
keras/layers/core.py::94,0.392235
keras/layers/core.py::95,0.392235
keras/layers/core.py::96,0.392235
keras/layers/core.py::97,0.392235
keras/layers/core.py::98,0.392235
keras/utils/generic_utils.py::346,0.392235
keras/callbacks.py::139,0.364199
keras/callbacks.py::257,0.364199
keras/callbacks.py::273,0.364199
keras/callbacks.py::289,0.364199
keras/engine/topology.py::1503,0.364199
keras/engine/topology.py::1954,0.364199
keras/engine/topology.py::1955,0.364199
keras/engine/topology.py::1956,0.364199
keras/engine/topology.py::1959,0.364199
keras/engine/training.py::1107,0.364199
keras/engine/training.py::1108,0.364199
keras/engine/training.py::1113,0.364199
keras/engine/training.py::1121,0.364199
keras/engine/training.py::1122,0.364199
keras/engine/training.py::1123,0.364199
keras/engine/training.py::1124,0.364199
keras/engine/training.py::1125,0.364199
keras/engine/training.py::1127,0.364199
keras/engine/training.py::1128,0.364199
keras/engine/training.py::1129,0.364199
keras/engine/training.py::1130,0.364199
keras/engine/training.py::1133,0.364199
keras/engine/training.py::1134,0.364199
keras/engine/training.py::1135,0.364199
keras/engine/training.py::1136,0.364199
keras/engine/training.py::1140,0.364199
keras/engine/training.py::1143,0.364199
keras/engine/training.py::1145,0.364199
keras/engine/training.py::1146,0.364199
keras/engine/training.py::1147,0.364199
keras/engine/training.py::1148,0.364199
keras/engine/training.py::1149,0.364199
keras/engine/training.py::1150,0.364199
keras/engine/training.py::1151,0.364199
keras/engine/training.py::1152,0.364199
keras/engine/training.py::1153,0.364199
keras/engine/training.py::1155,0.364199
keras/engine/training.py::1156,0.364199
keras/engine/training.py::1157,0.364199
keras/engine/training.py::1158,0.364199
keras/engine/training.py::1160,0.364199
keras/engine/training.py::1161,0.364199
keras/engine/training.py::1162,0.364199
keras/engine/training.py::1163,0.364199
keras/engine/training.py::1191,0.364199
keras/engine/training.py::1193,0.364199
keras/engine/training.py::1194,0.364199
keras/engine/training.py::1196,0.364199
keras/engine/training.py::1197,0.364199
keras/engine/training.py::1198,0.364199
keras/engine/training.py::1199,0.364199
keras/engine/training.py::1200,0.364199
keras/engine/training.py::1209,0.364199
keras/engine/training.py::1210,0.364199
keras/engine/training.py::1211,0.364199
keras/engine/training.py::1212,0.364199
keras/engine/training.py::1213,0.364199
keras/engine/training.py::1214,0.364199
keras/engine/training.py::1216,0.364199
keras/engine/training.py::1217,0.364199
keras/engine/training.py::1219,0.364199
keras/engine/training.py::1220,0.364199
keras/engine/training.py::1223,0.364199
keras/engine/training.py::1224,0.364199
keras/engine/training.py::1233,0.364199
keras/engine/training.py::1234,0.364199
keras/engine/training.py::1236,0.364199
keras/engine/training.py::1237,0.364199
keras/engine/training.py::1555,0.364199
keras/engine/training.py::1558,0.364199
keras/engine/training.py::1562,0.364199
keras/engine/training.py::1564,0.364199
keras/engine/training.py::1569,0.364199
keras/engine/training.py::1570,0.364199
keras/engine/training.py::1571,0.364199
keras/engine/training.py::1572,0.364199
keras/engine/training.py::1573,0.364199
keras/engine/training.py::1574,0.364199
keras/engine/training.py::1576,0.364199
keras/engine/training.py::1577,0.364199
keras/engine/training.py::1601,0.364199
keras/engine/training.py::1623,0.364199
keras/engine/training.py::1627,0.364199
keras/engine/training.py::1628,0.364199
keras/engine/training.py::1631,0.364199
keras/engine/training.py::1633,0.364199
keras/engine/training.py::1643,0.364199
keras/engine/training.py::1644,0.364199
keras/engine/training.py::1645,0.364199
keras/engine/training.py::1646,0.364199
keras/engine/training.py::1647,0.364199
keras/engine/training.py::1648,0.364199
keras/engine/training.py::1649,0.364199
keras/engine/training.py::1650,0.364199
keras/engine/training.py::1835,0.364199
keras/engine/training.py::862,0.364199
keras/engine/training.py::863,0.364199
keras/utils/generic_utils.py::356,0.364199
keras/callbacks.py::103,0.341480
keras/callbacks.py::104,0.341480
keras/callbacks.py::106,0.341480
keras/callbacks.py::107,0.341480
keras/callbacks.py::108,0.341480
keras/callbacks.py::109,0.341480
keras/callbacks.py::110,0.341480
keras/callbacks.py::111,0.341480
keras/callbacks.py::112,0.341480
keras/callbacks.py::113,0.341480
keras/callbacks.py::124,0.341480
keras/callbacks.py::125,0.341480
keras/callbacks.py::126,0.341480
keras/callbacks.py::134,0.341480
keras/callbacks.py::135,0.341480
keras/callbacks.py::136,0.341480
keras/callbacks.py::170,0.341480
keras/callbacks.py::173,0.341480
keras/callbacks.py::176,0.341480
keras/callbacks.py::179,0.341480
keras/callbacks.py::185,0.341480
keras/callbacks.py::188,0.341480
keras/callbacks.py::191,0.341480
keras/callbacks.py::194,0.341480
keras/callbacks.py::204,0.341480
keras/callbacks.py::205,0.341480
keras/callbacks.py::208,0.341480
keras/callbacks.py::209,0.341480
keras/callbacks.py::210,0.341480
keras/callbacks.py::212,0.341480
keras/callbacks.py::213,0.341480
keras/callbacks.py::216,0.341480
keras/callbacks.py::219,0.341480
keras/callbacks.py::220,0.341480
keras/callbacks.py::221,0.341480
keras/callbacks.py::223,0.341480
keras/callbacks.py::255,0.341480
keras/callbacks.py::256,0.341480
keras/callbacks.py::264,0.341480
keras/callbacks.py::265,0.341480
keras/callbacks.py::268,0.341480
keras/callbacks.py::269,0.341480
keras/callbacks.py::270,0.341480
keras/callbacks.py::274,0.341480
keras/callbacks.py::275,0.341480
keras/callbacks.py::276,0.341480
keras/callbacks.py::277,0.341480
keras/callbacks.py::280,0.341480
keras/callbacks.py::281,0.341480
keras/callbacks.py::284,0.341480
keras/callbacks.py::285,0.341480
keras/callbacks.py::286,0.341480
keras/callbacks.py::291,0.341480
keras/callbacks.py::292,0.341480
keras/callbacks.py::293,0.341480
keras/callbacks.py::297,0.341480
keras/callbacks.py::301,0.341480
keras/callbacks.py::302,0.341480
keras/callbacks.py::303,0.341480
keras/callbacks.py::304,0.341480
keras/callbacks.py::305,0.341480
keras/callbacks.py::306,0.341480
keras/callbacks.py::318,0.341480
keras/callbacks.py::319,0.341480
keras/callbacks.py::322,0.341480
keras/callbacks.py::323,0.341480
keras/callbacks.py::324,0.341480
keras/callbacks.py::325,0.341480
keras/callbacks.py::35,0.341480
keras/callbacks.py::36,0.341480
keras/callbacks.py::37,0.341480
keras/callbacks.py::43,0.341480
keras/callbacks.py::44,0.341480
keras/callbacks.py::47,0.341480
keras/callbacks.py::48,0.341480
keras/callbacks.py::57,0.341480
keras/callbacks.py::58,0.341480
keras/callbacks.py::59,0.341480
keras/callbacks.py::60,0.341480
keras/callbacks.py::61,0.341480
keras/callbacks.py::62,0.341480
keras/callbacks.py::71,0.341480
keras/callbacks.py::72,0.341480
keras/callbacks.py::73,0.341480
keras/callbacks.py::82,0.341480
keras/callbacks.py::83,0.341480
keras/callbacks.py::84,0.341480
keras/callbacks.py::85,0.341480
keras/callbacks.py::86,0.341480
keras/callbacks.py::87,0.341480
keras/callbacks.py::88,0.341480
keras/callbacks.py::94,0.341480
keras/engine/topology.py::1507,0.341480
keras/engine/topology.py::1605,0.341480
keras/engine/topology.py::436,0.341480
keras/engine/topology.py::726,0.341480
keras/engine/topology.py::730,0.341480
keras/engine/training.py::1057,0.341480
keras/engine/training.py::1062,0.341480
keras/engine/training.py::1063,0.341480
keras/engine/training.py::1068,0.341480
keras/engine/training.py::1433,0.341480
keras/engine/training.py::1437,0.341480
keras/engine/training.py::1438,0.341480
keras/engine/training.py::1439,0.341480
keras/engine/training.py::1440,0.341480
keras/engine/training.py::1443,0.341480
keras/engine/training.py::1444,0.341480
keras/engine/training.py::383,0.341480
keras/engine/training.py::384,0.341480
keras/engine/training.py::385,0.341480
keras/engine/training.py::413,0.341480
keras/engine/training.py::414,0.341480
keras/engine/training.py::415,0.341480
keras/engine/training.py::749,0.341480
keras/utils/generic_utils.py::260,0.341480
keras/utils/generic_utils.py::261,0.341480
keras/utils/generic_utils.py::262,0.341480
keras/utils/generic_utils.py::263,0.341480
keras/utils/generic_utils.py::264,0.341480
keras/utils/generic_utils.py::265,0.341480
keras/utils/generic_utils.py::266,0.341480
keras/utils/generic_utils.py::267,0.341480
keras/utils/generic_utils.py::268,0.341480
keras/utils/generic_utils.py::269,0.341480
keras/utils/generic_utils.py::270,0.341480
keras/utils/generic_utils.py::271,0.341480
keras/utils/generic_utils.py::272,0.341480
keras/utils/generic_utils.py::283,0.341480
keras/utils/generic_utils.py::284,0.341480
keras/utils/generic_utils.py::285,0.341480
keras/utils/generic_utils.py::286,0.341480
keras/utils/generic_utils.py::287,0.341480
keras/utils/generic_utils.py::288,0.341480
keras/utils/generic_utils.py::290,0.341480
keras/utils/generic_utils.py::291,0.341480
keras/utils/generic_utils.py::292,0.341480
keras/utils/generic_utils.py::294,0.341480
keras/utils/generic_utils.py::295,0.341480
keras/utils/generic_utils.py::296,0.341480
keras/utils/generic_utils.py::297,0.341480
keras/utils/generic_utils.py::301,0.341480
keras/utils/generic_utils.py::302,0.341480
keras/utils/generic_utils.py::306,0.341480
keras/utils/generic_utils.py::308,0.341480
keras/utils/generic_utils.py::309,0.341480
keras/utils/generic_utils.py::310,0.341480
keras/utils/generic_utils.py::311,0.341480
keras/utils/generic_utils.py::312,0.341480
keras/utils/generic_utils.py::313,0.341480
keras/utils/generic_utils.py::314,0.341480
keras/utils/generic_utils.py::315,0.341480
keras/utils/generic_utils.py::316,0.341480
keras/utils/generic_utils.py::319,0.341480
keras/utils/generic_utils.py::320,0.341480
keras/utils/generic_utils.py::321,0.341480
keras/utils/generic_utils.py::325,0.341480
keras/utils/generic_utils.py::326,0.341480
keras/utils/generic_utils.py::328,0.341480
keras/utils/generic_utils.py::329,0.341480
keras/utils/generic_utils.py::332,0.341480
keras/utils/generic_utils.py::343,0.341480
keras/utils/generic_utils.py::345,0.341480
keras/utils/generic_utils.py::350,0.341480
keras/utils/generic_utils.py::351,0.341480
keras/utils/generic_utils.py::352,0.341480
keras/utils/generic_utils.py::353,0.341480
keras/utils/generic_utils.py::354,0.341480
keras/utils/generic_utils.py::355,0.341480
keras/utils/generic_utils.py::362,0.341480
keras/utils/generic_utils.py::363,0.341480
keras/utils/generic_utils.py::366,0.341480
keras/utils/generic_utils.py::367,0.341480
keras/utils/generic_utils.py::369,0.341480
keras/utils/generic_utils.py::370,0.341480
keras/utils/generic_utils.py::387,0.341480
keras/backend/tensorflow_backend.py::1569,0.322581
keras/backend/tensorflow_backend.py::485,0.322581
keras/backend/tensorflow_backend.py::487,0.322581
keras/backend/tensorflow_backend.py::488,0.322581
keras/backend/tensorflow_backend.py::924,0.322581
keras/engine/training.py::105,0.322581
keras/engine/training.py::108,0.322581
keras/engine/training.py::114,0.322581
keras/engine/training.py::1400,0.322581
keras/engine/training.py::1403,0.322581
keras/engine/training.py::1417,0.322581
keras/engine/training.py::1822,0.322581
keras/engine/training.py::1823,0.322581
keras/engine/training.py::1824,0.322581
keras/engine/training.py::1825,0.322581
keras/engine/training.py::1826,0.322581
keras/engine/training.py::1827,0.322581
keras/engine/training.py::1831,0.322581
keras/engine/training.py::1832,0.322581
keras/engine/training.py::1833,0.322581
keras/engine/training.py::408,0.322581
keras/engine/training.py::410,0.322581
keras/engine/training.py::411,0.322581
keras/engine/training.py::472,0.322581
keras/engine/training.py::473,0.322581
keras/engine/training.py::474,0.322581
keras/engine/training.py::475,0.322581
keras/engine/training.py::476,0.322581
keras/engine/training.py::503,0.322581
keras/engine/training.py::522,0.322581
keras/engine/training.py::532,0.322581
keras/engine/training.py::545,0.322581
keras/engine/training.py::569,0.322581
keras/engine/training.py::570,0.322581
keras/engine/training.py::657,0.322581
keras/engine/training.py::666,0.322581
keras/engine/training.py::667,0.322581
keras/engine/training.py::751,0.322581
keras/engine/training.py::752,0.322581
keras/engine/training.py::753,0.322581
keras/engine/training.py::754,0.322581
keras/engine/training.py::755,0.322581
keras/engine/training.py::756,0.322581
keras/engine/training.py::757,0.322581
keras/engine/training.py::758,0.322581
keras/engine/training.py::759,0.322581
keras/engine/training.py::760,0.322581
keras/engine/training.py::824,0.322581
keras/engine/training.py::830,0.322581
keras/engine/training.py::831,0.322581
keras/engine/training.py::832,0.322581
keras/engine/training.py::833,0.322581
keras/engine/training.py::838,0.322581
keras/engine/training.py::943,0.322581
keras/optimizers.py::237,0.322581
keras/optimizers.py::238,0.322581
keras/optimizers.py::239,0.322581
keras/optimizers.py::242,0.322581
keras/optimizers.py::245,0.322581
keras/backend/tensorflow_backend.py::1052,0.306534
keras/backend/tensorflow_backend.py::1436,0.306534
keras/backend/tensorflow_backend.py::1437,0.306534
keras/backend/tensorflow_backend.py::1438,0.306534
keras/backend/tensorflow_backend.py::1439,0.306534
keras/backend/tensorflow_backend.py::162,0.306534
keras/backend/tensorflow_backend.py::163,0.306534
keras/backend/tensorflow_backend.py::168,0.306534
keras/backend/tensorflow_backend.py::65,0.306534
keras/backend/tensorflow_backend.py::672,0.306534
keras/backend/tensorflow_backend.py::674,0.306534
keras/backend/tensorflow_backend.py::675,0.306534
keras/backend/tensorflow_backend.py::676,0.306534
keras/backend/tensorflow_backend.py::940,0.306534
keras/engine/topology.py::349,0.306534
keras/engine/training.py::690,0.306534
keras/engine/training.py::744,0.306534
keras/engine/training.py::745,0.306534
keras/engine/training.py::746,0.306534
keras/engine/training.py::750,0.306534
keras/engine/training.py::763,0.306534
keras/engine/training.py::852,0.306534
keras/engine/training.py::853,0.306534
keras/engine/training.py::854,0.306534
keras/engine/training.py::855,0.306534
keras/engine/training.py::856,0.306534
keras/engine/training.py::857,0.306534
keras/engine/training.py::858,0.306534
keras/engine/training.py::859,0.306534
keras/engine/training.py::860,0.306534
keras/engine/training.py::861,0.306534
keras/engine/training.py::864,0.306534
keras/engine/training.py::865,0.306534
keras/engine/training.py::897,0.306534
keras/engine/training.py::898,0.306534
keras/engine/training.py::899,0.306534
keras/engine/training.py::900,0.306534
keras/engine/training.py::901,0.306534
keras/engine/training.py::903,0.306534
keras/engine/training.py::904,0.306534
keras/engine/training.py::906,0.306534
keras/engine/training.py::934,0.306534
keras/engine/training.py::935,0.306534
keras/losses.py::10,0.306534
keras/losses.py::102,0.306534
keras/losses.py::103,0.306534
keras/losses.py::104,0.306534
keras/losses.py::105,0.306534
keras/losses.py::111,0.306534
keras/losses.py::112,0.306534
keras/losses.py::113,0.306534
keras/optimizers.py::214,0.306534
keras/optimizers.py::215,0.306534
keras/optimizers.py::216,0.306534
keras/optimizers.py::217,0.306534
keras/optimizers.py::218,0.306534
keras/optimizers.py::219,0.306534
keras/optimizers.py::220,0.306534
keras/optimizers.py::221,0.306534
keras/optimizers.py::225,0.306534
keras/optimizers.py::226,0.306534
keras/optimizers.py::227,0.306534
keras/optimizers.py::228,0.306534
keras/optimizers.py::230,0.306534
keras/optimizers.py::231,0.306534
keras/optimizers.py::235,0.306534
keras/optimizers.py::246,0.306534
keras/utils/generic_utils.py::149,0.306534
keras/utils/generic_utils.py::150,0.306534
keras/utils/generic_utils.py::151,0.306534
keras/utils/generic_utils.py::153,0.306534
keras/utils/generic_utils.py::156,0.306534
keras/utils/generic_utils.py::157,0.306534
keras/utils/generic_utils.py::160,0.306534
keras/activations.py::76,0.292687
keras/activations.py::91,0.292687
keras/activations.py::92,0.292687
keras/backend/common.py::121,0.292687
keras/backend/tensorflow_backend.py::1028,0.292687
keras/backend/tensorflow_backend.py::1049,0.292687
keras/backend/tensorflow_backend.py::1053,0.292687
keras/backend/tensorflow_backend.py::1412,0.292687
keras/backend/tensorflow_backend.py::158,0.292687
keras/backend/tensorflow_backend.py::161,0.292687
keras/backend/tensorflow_backend.py::169,0.292687
keras/backend/tensorflow_backend.py::170,0.292687
keras/backend/tensorflow_backend.py::171,0.292687
keras/backend/tensorflow_backend.py::172,0.292687
keras/backend/tensorflow_backend.py::173,0.292687
keras/backend/tensorflow_backend.py::174,0.292687
keras/backend/tensorflow_backend.py::175,0.292687
keras/backend/tensorflow_backend.py::176,0.292687
keras/backend/tensorflow_backend.py::177,0.292687
keras/backend/tensorflow_backend.py::180,0.292687
keras/backend/tensorflow_backend.py::181,0.292687
keras/backend/tensorflow_backend.py::182,0.292687
keras/backend/tensorflow_backend.py::183,0.292687
keras/backend/tensorflow_backend.py::184,0.292687
keras/backend/tensorflow_backend.py::185,0.292687
keras/backend/tensorflow_backend.py::186,0.292687
keras/backend/tensorflow_backend.py::187,0.292687
keras/backend/tensorflow_backend.py::188,0.292687
keras/backend/tensorflow_backend.py::189,0.292687
keras/backend/tensorflow_backend.py::2307,0.292687
keras/backend/tensorflow_backend.py::2308,0.292687
keras/backend/tensorflow_backend.py::2311,0.292687
keras/backend/tensorflow_backend.py::2314,0.292687
keras/backend/tensorflow_backend.py::2317,0.292687
keras/backend/tensorflow_backend.py::2318,0.292687
keras/backend/tensorflow_backend.py::2319,0.292687
keras/backend/tensorflow_backend.py::2320,0.292687
keras/backend/tensorflow_backend.py::2321,0.292687
keras/backend/tensorflow_backend.py::2322,0.292687
keras/backend/tensorflow_backend.py::2327,0.292687
keras/backend/tensorflow_backend.py::2328,0.292687
keras/backend/tensorflow_backend.py::2329,0.292687
keras/backend/tensorflow_backend.py::2331,0.292687
keras/backend/tensorflow_backend.py::2333,0.292687
keras/backend/tensorflow_backend.py::2334,0.292687
keras/backend/tensorflow_backend.py::2336,0.292687
keras/backend/tensorflow_backend.py::2339,0.292687
keras/backend/tensorflow_backend.py::2341,0.292687
keras/backend/tensorflow_backend.py::2342,0.292687
keras/backend/tensorflow_backend.py::2343,0.292687
keras/backend/tensorflow_backend.py::2348,0.292687
keras/backend/tensorflow_backend.py::2349,0.292687
keras/backend/tensorflow_backend.py::2350,0.292687
keras/backend/tensorflow_backend.py::2351,0.292687
keras/backend/tensorflow_backend.py::2352,0.292687
keras/backend/tensorflow_backend.py::2353,0.292687
keras/backend/tensorflow_backend.py::2371,0.292687
keras/backend/tensorflow_backend.py::2372,0.292687
keras/backend/tensorflow_backend.py::2373,0.292687
keras/backend/tensorflow_backend.py::2376,0.292687
keras/backend/tensorflow_backend.py::2389,0.292687
keras/backend/tensorflow_backend.py::286,0.292687
keras/backend/tensorflow_backend.py::309,0.292687
keras/backend/tensorflow_backend.py::3540,0.292687
keras/backend/tensorflow_backend.py::3541,0.292687
keras/backend/tensorflow_backend.py::3542,0.292687
keras/backend/tensorflow_backend.py::3544,0.292687
keras/backend/tensorflow_backend.py::3545,0.292687
keras/backend/tensorflow_backend.py::3548,0.292687
keras/backend/tensorflow_backend.py::3559,0.292687
keras/backend/tensorflow_backend.py::3571,0.292687
keras/backend/tensorflow_backend.py::3583,0.292687
keras/backend/tensorflow_backend.py::3584,0.292687
keras/backend/tensorflow_backend.py::3626,0.292687
keras/backend/tensorflow_backend.py::3627,0.292687
keras/backend/tensorflow_backend.py::3628,0.292687
keras/backend/tensorflow_backend.py::3629,0.292687
keras/backend/tensorflow_backend.py::3630,0.292687
keras/backend/tensorflow_backend.py::3631,0.292687
keras/backend/tensorflow_backend.py::368,0.292687
keras/backend/tensorflow_backend.py::369,0.292687
keras/backend/tensorflow_backend.py::370,0.292687
keras/backend/tensorflow_backend.py::380,0.292687
keras/backend/tensorflow_backend.py::381,0.292687
keras/backend/tensorflow_backend.py::383,0.292687
keras/backend/tensorflow_backend.py::384,0.292687
keras/backend/tensorflow_backend.py::385,0.292687
keras/backend/tensorflow_backend.py::387,0.292687
keras/backend/tensorflow_backend.py::388,0.292687
keras/backend/tensorflow_backend.py::389,0.292687
keras/backend/tensorflow_backend.py::390,0.292687
keras/backend/tensorflow_backend.py::391,0.292687
keras/backend/tensorflow_backend.py::406,0.292687
keras/backend/tensorflow_backend.py::407,0.292687
keras/backend/tensorflow_backend.py::408,0.292687
keras/backend/tensorflow_backend.py::450,0.292687
keras/backend/tensorflow_backend.py::451,0.292687
keras/backend/tensorflow_backend.py::452,0.292687
keras/backend/tensorflow_backend.py::455,0.292687
keras/backend/tensorflow_backend.py::565,0.292687
keras/backend/tensorflow_backend.py::566,0.292687
keras/backend/tensorflow_backend.py::567,0.292687
keras/backend/tensorflow_backend.py::568,0.292687
keras/backend/tensorflow_backend.py::594,0.292687
keras/backend/tensorflow_backend.py::595,0.292687
keras/backend/tensorflow_backend.py::596,0.292687
keras/backend/tensorflow_backend.py::627,0.292687
keras/backend/tensorflow_backend.py::63,0.292687
keras/backend/tensorflow_backend.py::64,0.292687
keras/backend/tensorflow_backend.py::66,0.292687
keras/backend/tensorflow_backend.py::67,0.292687
keras/backend/tensorflow_backend.py::953,0.292687
keras/constraints.py::169,0.292687
keras/constraints.py::170,0.292687
keras/engine/topology.py::1147,0.292687
keras/engine/topology.py::1148,0.292687
keras/engine/topology.py::1150,0.292687
keras/engine/topology.py::1151,0.292687
keras/engine/topology.py::1153,0.292687
keras/engine/topology.py::1156,0.292687
keras/engine/topology.py::1157,0.292687
keras/engine/topology.py::1159,0.292687
keras/engine/topology.py::1160,0.292687
keras/engine/topology.py::1162,0.292687
keras/engine/topology.py::1491,0.292687
keras/engine/topology.py::1492,0.292687
keras/engine/topology.py::1493,0.292687
keras/engine/topology.py::1494,0.292687
keras/engine/topology.py::1496,0.292687
keras/engine/topology.py::1497,0.292687
keras/engine/topology.py::1498,0.292687
keras/engine/topology.py::1499,0.292687
keras/engine/topology.py::1502,0.292687
keras/engine/topology.py::1506,0.292687
keras/engine/topology.py::1512,0.292687
keras/engine/topology.py::1519,0.292687
keras/engine/topology.py::1527,0.292687
keras/engine/topology.py::1528,0.292687
keras/engine/topology.py::1529,0.292687
keras/engine/topology.py::1532,0.292687
keras/engine/topology.py::1533,0.292687
keras/engine/topology.py::1534,0.292687
keras/engine/topology.py::1537,0.292687
keras/engine/topology.py::1546,0.292687
keras/engine/topology.py::1547,0.292687
keras/engine/topology.py::1548,0.292687
keras/engine/topology.py::1551,0.292687
keras/engine/topology.py::1553,0.292687
keras/engine/topology.py::1559,0.292687
keras/engine/topology.py::1560,0.292687
keras/engine/topology.py::1575,0.292687
keras/engine/topology.py::1576,0.292687
keras/engine/topology.py::1581,0.292687
keras/engine/topology.py::1582,0.292687
keras/engine/topology.py::1583,0.292687
keras/engine/topology.py::1584,0.292687
keras/engine/topology.py::1585,0.292687
keras/engine/topology.py::1588,0.292687
keras/engine/topology.py::1589,0.292687
keras/engine/topology.py::1590,0.292687
keras/engine/topology.py::1591,0.292687
keras/engine/topology.py::1592,0.292687
keras/engine/topology.py::1593,0.292687
keras/engine/topology.py::1594,0.292687
keras/engine/topology.py::1595,0.292687
keras/engine/topology.py::1596,0.292687
keras/engine/topology.py::1597,0.292687
keras/engine/topology.py::1598,0.292687
keras/engine/topology.py::1599,0.292687
keras/engine/topology.py::1600,0.292687
keras/engine/topology.py::1601,0.292687
keras/engine/topology.py::1602,0.292687
keras/engine/topology.py::1606,0.292687
keras/engine/topology.py::1609,0.292687
keras/engine/topology.py::1610,0.292687
keras/engine/topology.py::1613,0.292687
keras/engine/topology.py::1614,0.292687
keras/engine/topology.py::1615,0.292687
keras/engine/topology.py::1616,0.292687
keras/engine/topology.py::1617,0.292687
keras/engine/topology.py::1620,0.292687
keras/engine/topology.py::1621,0.292687
keras/engine/topology.py::1622,0.292687
keras/engine/topology.py::1623,0.292687
keras/engine/topology.py::1624,0.292687
keras/engine/topology.py::1625,0.292687
keras/engine/topology.py::1627,0.292687
keras/engine/topology.py::163,0.292687
keras/engine/topology.py::1635,0.292687
keras/engine/topology.py::1636,0.292687
keras/engine/topology.py::1637,0.292687
keras/engine/topology.py::1638,0.292687
keras/engine/topology.py::1639,0.292687
keras/engine/topology.py::164,0.292687
keras/engine/topology.py::1640,0.292687
keras/engine/topology.py::1641,0.292687
keras/engine/topology.py::1643,0.292687
keras/engine/topology.py::1644,0.292687
keras/engine/topology.py::1649,0.292687
keras/engine/topology.py::1650,0.292687
keras/engine/topology.py::1651,0.292687
keras/engine/topology.py::1652,0.292687
keras/engine/topology.py::1653,0.292687
keras/engine/topology.py::1656,0.292687
keras/engine/topology.py::1676,0.292687
keras/engine/topology.py::1677,0.292687
keras/engine/topology.py::1678,0.292687
keras/engine/topology.py::1681,0.292687
keras/engine/topology.py::1687,0.292687
keras/engine/topology.py::1691,0.292687
keras/engine/topology.py::1694,0.292687
keras/engine/topology.py::1695,0.292687
keras/engine/topology.py::1697,0.292687
keras/engine/topology.py::1700,0.292687
keras/engine/topology.py::1701,0.292687
keras/engine/topology.py::1702,0.292687
keras/engine/topology.py::1703,0.292687
keras/engine/topology.py::1704,0.292687
keras/engine/topology.py::1705,0.292687
keras/engine/topology.py::1706,0.292687
keras/engine/topology.py::1708,0.292687
keras/engine/topology.py::1709,0.292687
keras/engine/topology.py::1711,0.292687
keras/engine/topology.py::1713,0.292687
keras/engine/topology.py::1714,0.292687
keras/engine/topology.py::1715,0.292687
keras/engine/topology.py::1716,0.292687
keras/engine/topology.py::1718,0.292687
keras/engine/topology.py::1720,0.292687
keras/engine/topology.py::1723,0.292687
keras/engine/topology.py::1727,0.292687
keras/engine/topology.py::1728,0.292687
keras/engine/topology.py::1729,0.292687
keras/engine/topology.py::1732,0.292687
keras/engine/topology.py::1733,0.292687
keras/engine/topology.py::1734,0.292687
keras/engine/topology.py::1735,0.292687
keras/engine/topology.py::1736,0.292687
keras/engine/topology.py::1737,0.292687
keras/engine/topology.py::1740,0.292687
keras/engine/topology.py::1741,0.292687
keras/engine/topology.py::1742,0.292687
keras/engine/topology.py::1743,0.292687
keras/engine/topology.py::1744,0.292687
keras/engine/topology.py::1747,0.292687
keras/engine/topology.py::1748,0.292687
keras/engine/topology.py::1749,0.292687
keras/engine/topology.py::1750,0.292687
keras/engine/topology.py::1751,0.292687
keras/engine/topology.py::1754,0.292687
keras/engine/topology.py::1755,0.292687
keras/engine/topology.py::1758,0.292687
keras/engine/topology.py::1759,0.292687
keras/engine/topology.py::1760,0.292687
keras/engine/topology.py::1763,0.292687
keras/engine/topology.py::1764,0.292687
keras/engine/topology.py::1765,0.292687
keras/engine/topology.py::1766,0.292687
keras/engine/topology.py::1767,0.292687
keras/engine/topology.py::1770,0.292687
keras/engine/topology.py::1771,0.292687
keras/engine/topology.py::1776,0.292687
keras/engine/topology.py::1777,0.292687
keras/engine/topology.py::1778,0.292687
keras/engine/topology.py::1780,0.292687
keras/engine/topology.py::1781,0.292687
keras/engine/topology.py::1782,0.292687
keras/engine/topology.py::1783,0.292687
keras/engine/topology.py::1784,0.292687
keras/engine/topology.py::1785,0.292687
keras/engine/topology.py::1786,0.292687
keras/engine/topology.py::1794,0.292687
keras/engine/topology.py::1795,0.292687
keras/engine/topology.py::1796,0.292687
keras/engine/topology.py::1799,0.292687
keras/engine/topology.py::1800,0.292687
keras/engine/topology.py::1804,0.292687
keras/engine/topology.py::1805,0.292687
keras/engine/topology.py::1806,0.292687
keras/engine/topology.py::1816,0.292687
keras/engine/topology.py::1817,0.292687
keras/engine/topology.py::1819,0.292687
keras/engine/topology.py::1820,0.292687
keras/engine/topology.py::1821,0.292687
keras/engine/topology.py::1822,0.292687
keras/engine/topology.py::1823,0.292687
keras/engine/topology.py::1824,0.292687
keras/engine/topology.py::1826,0.292687
keras/engine/topology.py::1827,0.292687
keras/engine/topology.py::1828,0.292687
keras/engine/topology.py::1829,0.292687
keras/engine/topology.py::1830,0.292687
keras/engine/topology.py::1885,0.292687
keras/engine/topology.py::1886,0.292687
keras/engine/topology.py::1887,0.292687
keras/engine/topology.py::1890,0.292687
keras/engine/topology.py::1891,0.292687
keras/engine/topology.py::1892,0.292687
keras/engine/topology.py::1894,0.292687
keras/engine/topology.py::1895,0.292687
keras/engine/topology.py::1897,0.292687
keras/engine/topology.py::1898,0.292687
keras/engine/topology.py::1912,0.292687
keras/engine/topology.py::1914,0.292687
keras/engine/topology.py::1915,0.292687
keras/engine/topology.py::1918,0.292687
keras/engine/topology.py::1919,0.292687
keras/engine/topology.py::1920,0.292687
keras/engine/topology.py::1922,0.292687
keras/engine/topology.py::1923,0.292687
keras/engine/topology.py::1925,0.292687
keras/engine/topology.py::1927,0.292687
keras/engine/topology.py::1928,0.292687
keras/engine/topology.py::1932,0.292687
keras/engine/topology.py::1936,0.292687
keras/engine/topology.py::1963,0.292687
keras/engine/topology.py::1965,0.292687
keras/engine/topology.py::1966,0.292687
keras/engine/topology.py::1967,0.292687
keras/engine/topology.py::1968,0.292687
keras/engine/topology.py::2065,0.292687
keras/engine/topology.py::2066,0.292687
keras/engine/topology.py::2067,0.292687
keras/engine/topology.py::2070,0.292687
keras/engine/topology.py::2071,0.292687
keras/engine/topology.py::2072,0.292687
keras/engine/topology.py::2073,0.292687
keras/engine/topology.py::2766,0.292687
keras/engine/topology.py::2767,0.292687
keras/engine/topology.py::2768,0.292687
keras/engine/topology.py::2772,0.292687
keras/engine/topology.py::2773,0.292687
keras/engine/topology.py::2777,0.292687
keras/engine/topology.py::2778,0.292687
keras/engine/topology.py::2781,0.292687
keras/engine/topology.py::2782,0.292687
keras/engine/topology.py::2784,0.292687
keras/engine/topology.py::2796,0.292687
keras/engine/topology.py::2797,0.292687
keras/engine/topology.py::2798,0.292687
keras/engine/topology.py::2799,0.292687
keras/engine/topology.py::2800,0.292687
keras/engine/topology.py::2801,0.292687
keras/engine/topology.py::2802,0.292687
keras/engine/topology.py::2803,0.292687
keras/engine/topology.py::2806,0.292687
keras/engine/topology.py::2807,0.292687
keras/engine/topology.py::2830,0.292687
keras/engine/topology.py::2831,0.292687
keras/engine/topology.py::2832,0.292687
keras/engine/topology.py::2833,0.292687
keras/engine/topology.py::2834,0.292687
keras/engine/topology.py::2837,0.292687
keras/engine/topology.py::2838,0.292687
keras/engine/topology.py::327,0.292687
keras/engine/topology.py::331,0.292687
keras/engine/topology.py::335,0.292687
keras/engine/topology.py::339,0.292687
keras/engine/topology.py::347,0.292687
keras/engine/topology.py::348,0.292687
keras/engine/topology.py::351,0.292687
keras/engine/topology.py::394,0.292687
keras/engine/topology.py::395,0.292687
keras/engine/topology.py::396,0.292687
keras/engine/topology.py::397,0.292687
keras/engine/topology.py::398,0.292687
keras/engine/topology.py::399,0.292687
keras/engine/topology.py::400,0.292687
keras/engine/topology.py::401,0.292687
keras/engine/topology.py::403,0.292687
keras/engine/topology.py::404,0.292687
keras/engine/topology.py::407,0.292687
keras/engine/topology.py::423,0.292687
keras/engine/topology.py::424,0.292687
keras/engine/topology.py::425,0.292687
keras/engine/topology.py::426,0.292687
keras/engine/topology.py::435,0.292687
keras/engine/topology.py::437,0.292687
keras/engine/topology.py::438,0.292687
keras/engine/topology.py::441,0.292687
keras/engine/topology.py::447,0.292687
keras/engine/topology.py::448,0.292687
keras/engine/topology.py::452,0.292687
keras/engine/topology.py::459,0.292687
keras/engine/topology.py::467,0.292687
keras/engine/topology.py::468,0.292687
keras/engine/topology.py::469,0.292687
keras/engine/topology.py::476,0.292687
keras/engine/topology.py::484,0.292687
keras/engine/topology.py::485,0.292687
keras/engine/topology.py::486,0.292687
keras/engine/topology.py::489,0.292687
keras/engine/topology.py::490,0.292687
keras/engine/topology.py::491,0.292687
keras/engine/topology.py::499,0.292687
keras/engine/topology.py::552,0.292687
keras/engine/topology.py::554,0.292687
keras/engine/topology.py::556,0.292687
keras/engine/topology.py::559,0.292687
keras/engine/topology.py::56,0.292687
keras/engine/topology.py::562,0.292687
keras/engine/topology.py::563,0.292687
keras/engine/topology.py::564,0.292687
keras/engine/topology.py::565,0.292687
keras/engine/topology.py::57,0.292687
keras/engine/topology.py::575,0.292687
keras/engine/topology.py::576,0.292687
keras/engine/topology.py::579,0.292687
keras/engine/topology.py::58,0.292687
keras/engine/topology.py::582,0.292687
keras/engine/topology.py::587,0.292687
keras/engine/topology.py::590,0.292687
keras/engine/topology.py::591,0.292687
keras/engine/topology.py::592,0.292687
keras/engine/topology.py::600,0.292687
keras/engine/topology.py::603,0.292687
keras/engine/topology.py::604,0.292687
keras/engine/topology.py::608,0.292687
keras/engine/topology.py::609,0.292687
keras/engine/topology.py::61,0.292687
keras/engine/topology.py::610,0.292687
keras/engine/topology.py::611,0.292687
keras/engine/topology.py::612,0.292687
keras/engine/topology.py::614,0.292687
keras/engine/topology.py::615,0.292687
keras/engine/topology.py::616,0.292687
keras/engine/topology.py::62,0.292687
keras/engine/topology.py::621,0.292687
keras/engine/topology.py::622,0.292687
keras/engine/topology.py::629,0.292687
keras/engine/topology.py::63,0.292687
keras/engine/topology.py::638,0.292687
keras/engine/topology.py::639,0.292687
keras/engine/topology.py::64,0.292687
keras/engine/topology.py::640,0.292687
keras/engine/topology.py::641,0.292687
keras/engine/topology.py::644,0.292687
keras/engine/topology.py::647,0.292687
keras/engine/topology.py::664,0.292687
keras/engine/topology.py::665,0.292687
keras/engine/topology.py::666,0.292687
keras/engine/topology.py::667,0.292687
keras/engine/topology.py::668,0.292687
keras/engine/topology.py::669,0.292687
keras/engine/topology.py::672,0.292687
keras/engine/topology.py::673,0.292687
keras/engine/topology.py::674,0.292687
keras/engine/topology.py::675,0.292687
keras/engine/topology.py::676,0.292687
keras/engine/topology.py::677,0.292687
keras/engine/topology.py::678,0.292687
keras/engine/topology.py::679,0.292687
keras/engine/topology.py::680,0.292687
keras/engine/topology.py::687,0.292687
keras/engine/topology.py::688,0.292687
keras/engine/topology.py::689,0.292687
keras/engine/topology.py::690,0.292687
keras/engine/topology.py::691,0.292687
keras/engine/topology.py::692,0.292687
keras/engine/topology.py::693,0.292687
keras/engine/topology.py::694,0.292687
keras/engine/topology.py::695,0.292687
keras/engine/topology.py::696,0.292687
keras/engine/topology.py::697,0.292687
keras/engine/topology.py::698,0.292687
keras/engine/topology.py::702,0.292687
keras/engine/topology.py::703,0.292687
keras/engine/topology.py::704,0.292687
keras/engine/topology.py::705,0.292687
keras/engine/topology.py::706,0.292687
keras/engine/topology.py::707,0.292687
keras/engine/topology.py::708,0.292687
keras/engine/topology.py::709,0.292687
keras/engine/topology.py::743,0.292687
keras/engine/topology.py::760,0.292687
keras/engine/topology.py::796,0.292687
keras/engine/topology.py::799,0.292687
keras/engine/topology.py::804,0.292687
keras/engine/topology.py::805,0.292687
keras/engine/topology.py::806,0.292687
keras/engine/topology.py::924,0.292687
keras/engine/topology.py::930,0.292687
keras/engine/topology.py::933,0.292687
keras/engine/topology.py::934,0.292687
keras/engine/training.py::124,0.292687
keras/engine/training.py::125,0.292687
keras/engine/training.py::126,0.292687
keras/engine/training.py::131,0.292687
keras/engine/training.py::132,0.292687
keras/engine/training.py::133,0.292687
keras/engine/training.py::135,0.292687
keras/engine/training.py::136,0.292687
keras/engine/training.py::1393,0.292687
keras/engine/training.py::1398,0.292687
keras/engine/training.py::1399,0.292687
keras/engine/training.py::1404,0.292687
keras/engine/training.py::1405,0.292687
keras/engine/training.py::1406,0.292687
keras/engine/training.py::1407,0.292687
keras/engine/training.py::1408,0.292687
keras/engine/training.py::1409,0.292687
keras/engine/training.py::1410,0.292687
keras/engine/training.py::1411,0.292687
keras/engine/training.py::1412,0.292687
keras/engine/training.py::1413,0.292687
keras/engine/training.py::1414,0.292687
keras/engine/training.py::1415,0.292687
keras/engine/training.py::1416,0.292687
keras/engine/training.py::1418,0.292687
keras/engine/training.py::1419,0.292687
keras/engine/training.py::142,0.292687
keras/engine/training.py::1420,0.292687
keras/engine/training.py::1421,0.292687
keras/engine/training.py::1422,0.292687
keras/engine/training.py::1423,0.292687
keras/engine/training.py::143,0.292687
keras/engine/training.py::1430,0.292687
keras/engine/training.py::145,0.292687
keras/engine/training.py::146,0.292687
keras/engine/training.py::147,0.292687
keras/engine/training.py::154,0.292687
keras/engine/training.py::172,0.292687
keras/engine/training.py::173,0.292687
keras/engine/training.py::205,0.292687
keras/engine/training.py::206,0.292687
keras/engine/training.py::207,0.292687
keras/engine/training.py::211,0.292687
keras/engine/training.py::212,0.292687
keras/engine/training.py::213,0.292687
keras/engine/training.py::300,0.292687
keras/engine/training.py::301,0.292687
keras/engine/training.py::302,0.292687
keras/engine/training.py::330,0.292687
keras/engine/training.py::331,0.292687
keras/engine/training.py::446,0.292687
keras/engine/training.py::459,0.292687
keras/engine/training.py::460,0.292687
keras/engine/training.py::470,0.292687
keras/engine/training.py::477,0.292687
keras/engine/training.py::478,0.292687
keras/engine/training.py::54,0.292687
keras/engine/training.py::60,0.292687
keras/engine/training.py::62,0.292687
keras/engine/training.py::633,0.292687
keras/engine/training.py::634,0.292687
keras/engine/training.py::635,0.292687
keras/engine/training.py::636,0.292687
keras/engine/training.py::637,0.292687
keras/engine/training.py::640,0.292687
keras/engine/training.py::668,0.292687
keras/engine/training.py::669,0.292687
keras/engine/training.py::670,0.292687
keras/engine/training.py::671,0.292687
keras/engine/training.py::672,0.292687
keras/engine/training.py::673,0.292687
keras/engine/training.py::674,0.292687
keras/engine/training.py::675,0.292687
keras/engine/training.py::676,0.292687
keras/engine/training.py::677,0.292687
keras/engine/training.py::682,0.292687
keras/engine/training.py::683,0.292687
keras/engine/training.py::685,0.292687
keras/engine/training.py::689,0.292687
keras/engine/training.py::715,0.292687
keras/engine/training.py::716,0.292687
keras/engine/training.py::717,0.292687
keras/engine/training.py::73,0.292687
keras/engine/training.py::740,0.292687
keras/engine/training.py::741,0.292687
keras/engine/training.py::766,0.292687
keras/engine/training.py::767,0.292687
keras/engine/training.py::768,0.292687
keras/engine/training.py::794,0.292687
keras/engine/training.py::819,0.292687
keras/engine/training.py::820,0.292687
keras/engine/training.py::834,0.292687
keras/engine/training.py::835,0.292687
keras/engine/training.py::836,0.292687
keras/engine/training.py::837,0.292687
keras/engine/training.py::841,0.292687
keras/engine/training.py::842,0.292687
keras/engine/training.py::843,0.292687
keras/engine/training.py::844,0.292687
keras/engine/training.py::847,0.292687
keras/engine/training.py::848,0.292687
keras/engine/training.py::849,0.292687
keras/engine/training.py::850,0.292687
keras/engine/training.py::868,0.292687
keras/engine/training.py::877,0.292687
keras/engine/training.py::882,0.292687
keras/engine/training.py::883,0.292687
keras/engine/training.py::885,0.292687
keras/engine/training.py::892,0.292687
keras/engine/training.py::893,0.292687
keras/engine/training.py::894,0.292687
keras/engine/training.py::938,0.292687
keras/engine/training.py::939,0.292687
keras/engine/training.py::940,0.292687
keras/engine/training.py::941,0.292687
keras/engine/training.py::942,0.292687
keras/engine/training.py::948,0.292687
keras/engine/training.py::950,0.292687
keras/engine/training.py::951,0.292687
keras/engine/training.py::952,0.292687
keras/engine/training.py::955,0.292687
keras/engine/training.py::956,0.292687
keras/engine/training.py::967,0.292687
keras/engine/training.py::970,0.292687
keras/engine/training.py::971,0.292687
keras/engine/training.py::978,0.292687
keras/engine/training.py::980,0.292687
keras/engine/training.py::981,0.292687
keras/engine/training.py::982,0.292687
keras/engine/training.py::983,0.292687
keras/engine/training.py::986,0.292687
keras/engine/training.py::987,0.292687
keras/engine/training.py::988,0.292687
keras/engine/training.py::989,0.292687
keras/engine/training.py::990,0.292687
keras/engine/training.py::991,0.292687
keras/engine/training.py::993,0.292687
keras/engine/training.py::994,0.292687
keras/engine/training.py::995,0.292687
keras/engine/training.py::996,0.292687
keras/engine/training.py::997,0.292687
keras/initializers.py::179,0.292687
keras/initializers.py::181,0.292687
keras/initializers.py::182,0.292687
keras/initializers.py::186,0.292687
keras/initializers.py::187,0.292687
keras/initializers.py::191,0.292687
keras/initializers.py::192,0.292687
keras/initializers.py::193,0.292687
keras/initializers.py::194,0.292687
keras/initializers.py::197,0.292687
keras/initializers.py::198,0.292687
keras/initializers.py::199,0.292687
keras/initializers.py::201,0.292687
keras/initializers.py::204,0.292687
keras/initializers.py::205,0.292687
keras/initializers.py::21,0.292687
keras/initializers.py::210,0.292687
keras/initializers.py::211,0.292687
keras/initializers.py::212,0.292687
keras/initializers.py::25,0.292687
keras/initializers.py::33,0.292687
keras/initializers.py::350,0.292687
keras/initializers.py::351,0.292687
keras/initializers.py::352,0.292687
keras/initializers.py::353,0.292687
keras/initializers.py::453,0.292687
keras/initializers.py::454,0.292687
keras/initializers.py::455,0.292687
keras/initializers.py::474,0.292687
keras/initializers.py::482,0.292687
keras/initializers.py::483,0.292687
keras/initializers.py::484,0.292687
keras/initializers.py::485,0.292687
keras/initializers.py::489,0.292687
keras/initializers.py::491,0.292687
keras/initializers.py::492,0.292687
keras/initializers.py::493,0.292687
keras/initializers.py::494,0.292687
keras/initializers.py::495,0.292687
keras/layers/core.py::806,0.292687
keras/layers/core.py::808,0.292687
keras/layers/core.py::809,0.292687
keras/layers/core.py::810,0.292687
keras/layers/core.py::811,0.292687
keras/layers/core.py::812,0.292687
keras/layers/core.py::813,0.292687
keras/layers/core.py::814,0.292687
keras/layers/core.py::815,0.292687
keras/layers/core.py::816,0.292687
keras/layers/core.py::817,0.292687
keras/layers/core.py::818,0.292687
keras/layers/core.py::819,0.292687
keras/layers/core.py::820,0.292687
keras/layers/core.py::823,0.292687
keras/layers/core.py::824,0.292687
keras/layers/core.py::826,0.292687
keras/layers/core.py::827,0.292687
keras/layers/core.py::828,0.292687
keras/layers/core.py::829,0.292687
keras/layers/core.py::830,0.292687
keras/layers/core.py::831,0.292687
keras/layers/core.py::832,0.292687
keras/layers/core.py::833,0.292687
keras/layers/core.py::834,0.292687
keras/layers/core.py::835,0.292687
keras/layers/core.py::836,0.292687
keras/layers/core.py::839,0.292687
keras/layers/core.py::840,0.292687
keras/layers/core.py::843,0.292687
keras/layers/core.py::844,0.292687
keras/layers/core.py::845,0.292687
keras/layers/core.py::846,0.292687
keras/layers/core.py::847,0.292687
keras/layers/core.py::848,0.292687
keras/layers/core.py::851,0.292687
keras/layers/core.py::852,0.292687
keras/layers/core.py::853,0.292687
keras/layers/core.py::854,0.292687
keras/layers/core.py::855,0.292687
keras/legacy/interfaces.py::30,0.292687
keras/legacy/interfaces.py::34,0.292687
keras/legacy/interfaces.py::620,0.292687
keras/legacy/interfaces.py::628,0.292687
keras/legacy/interfaces.py::639,0.292687
keras/legacy/interfaces.py::642,0.292687
keras/legacy/interfaces.py::648,0.292687
keras/legacy/interfaces.py::655,0.292687
keras/losses.py::109,0.292687
keras/optimizers.py::127,0.292687
keras/optimizers.py::59,0.292687
keras/optimizers.py::60,0.292687
keras/optimizers.py::64,0.292687
keras/optimizers.py::65,0.292687
keras/optimizers.py::66,0.292687
keras/optimizers.py::674,0.292687
keras/optimizers.py::675,0.292687
keras/optimizers.py::676,0.292687
keras/optimizers.py::677,0.292687
keras/optimizers.py::678,0.292687
keras/optimizers.py::679,0.292687
keras/optimizers.py::680,0.292687
keras/optimizers.py::681,0.292687
keras/optimizers.py::684,0.292687
keras/optimizers.py::685,0.292687
keras/optimizers.py::686,0.292687
keras/optimizers.py::687,0.292687
keras/optimizers.py::688,0.292687
keras/optimizers.py::689,0.292687
keras/optimizers.py::709,0.292687
keras/optimizers.py::711,0.292687
keras/optimizers.py::713,0.292687
keras/optimizers.py::715,0.292687
keras/optimizers.py::716,0.292687
keras/optimizers.py::717,0.292687
keras/optimizers.py::73,0.292687
keras/optimizers.py::74,0.292687
keras/optimizers.py::77,0.292687
keras/optimizers.py::79,0.292687
keras/regularizers.py::72,0.292687
keras/regularizers.py::73,0.292687
keras/utils/generic_utils.py::118,0.292687
keras/utils/generic_utils.py::120,0.292687
keras/utils/generic_utils.py::121,0.292687
keras/utils/generic_utils.py::123,0.292687
keras/utils/generic_utils.py::124,0.292687
keras/utils/generic_utils.py::126,0.292687
keras/utils/generic_utils.py::129,0.292687
keras/utils/generic_utils.py::130,0.292687
keras/utils/generic_utils.py::131,0.292687
keras/utils/generic_utils.py::134,0.292687
keras/utils/generic_utils.py::135,0.292687
keras/utils/generic_utils.py::136,0.292687
keras/utils/generic_utils.py::140,0.292687
keras/utils/generic_utils.py::141,0.292687
keras/utils/generic_utils.py::146,0.292687
keras/utils/generic_utils.py::147,0.292687
keras/utils/generic_utils.py::148,0.292687
keras/utils/generic_utils.py::227,0.292687
keras/utils/generic_utils.py::232,0.292687
keras/utils/generic_utils.py::239,0.292687
keras/utils/generic_utils.py::240,0.292687
keras/utils/generic_utils.py::241,0.292687
keras/utils/generic_utils.py::242,0.292687
keras/utils/generic_utils.py::243,0.292687
keras/utils/generic_utils.py::244,0.292687
keras/utils/generic_utils.py::246,0.292687
keras/utils/generic_utils.py::247,0.292687
keras/utils/generic_utils.py::248,0.292687
keras/utils/generic_utils.py::37,0.292687
keras/utils/generic_utils.py::38,0.292687
keras/utils/generic_utils.py::41,0.292687
keras/utils/generic_utils.py::42,0.292687
keras/utils/generic_utils.py::43,0.292687
keras/utils/generic_utils.py::44,0.292687
keras/utils/generic_utils.py::47,0.292687
keras/utils/generic_utils.py::48,0.292687
keras/backend/common.py::57,0.280576
keras/backend/tensorflow_backend.py::1342,0.280576
keras/backend/tensorflow_backend.py::1344,0.280576
keras/backend/tensorflow_backend.py::484,0.280576
keras/backend/tensorflow_backend.py::486,0.280576
keras/backend/tensorflow_backend.py::489,0.280576
keras/backend/tensorflow_backend.py::492,0.280576
keras/backend/tensorflow_backend.py::493,0.280576
keras/backend/tensorflow_backend.py::494,0.280576
keras/backend/tensorflow_backend.py::495,0.280576
keras/engine/topology.py::123,0.280576
keras/engine/topology.py::1299,0.280576
keras/engine/topology.py::1302,0.280576
keras/engine/topology.py::1304,0.280576
keras/engine/topology.py::1305,0.280576
keras/engine/topology.py::1306,0.280576
keras/engine/topology.py::1308,0.280576
keras/engine/topology.py::131,0.280576
keras/engine/topology.py::1312,0.280576
keras/engine/topology.py::1325,0.280576
keras/engine/topology.py::133,0.280576
keras/engine/topology.py::1332,0.280576
keras/engine/topology.py::1334,0.280576
keras/engine/topology.py::1340,0.280576
keras/engine/topology.py::1341,0.280576
keras/engine/topology.py::1343,0.280576
keras/engine/topology.py::1344,0.280576
keras/engine/topology.py::1345,0.280576
keras/engine/topology.py::1346,0.280576
keras/engine/topology.py::1347,0.280576
keras/engine/topology.py::1348,0.280576
keras/engine/topology.py::135,0.280576
keras/engine/topology.py::1354,0.280576
keras/engine/topology.py::1355,0.280576
keras/engine/topology.py::1356,0.280576
keras/engine/topology.py::1357,0.280576
keras/engine/topology.py::1358,0.280576
keras/engine/topology.py::1359,0.280576
keras/engine/topology.py::1360,0.280576
keras/engine/topology.py::1361,0.280576
keras/engine/topology.py::1362,0.280576
keras/engine/topology.py::1363,0.280576
keras/engine/topology.py::1364,0.280576
keras/engine/topology.py::1365,0.280576
keras/engine/topology.py::141,0.280576
keras/engine/topology.py::1427,0.280576
keras/engine/topology.py::1428,0.280576
keras/engine/topology.py::143,0.280576
keras/engine/topology.py::1432,0.280576
keras/engine/topology.py::1433,0.280576
keras/engine/topology.py::1434,0.280576
keras/engine/topology.py::1435,0.280576
keras/engine/topology.py::1436,0.280576
keras/engine/topology.py::1437,0.280576
keras/engine/topology.py::1438,0.280576
keras/engine/topology.py::1439,0.280576
keras/engine/topology.py::1442,0.280576
keras/engine/topology.py::1443,0.280576
keras/engine/topology.py::1444,0.280576
keras/engine/topology.py::147,0.280576
keras/engine/topology.py::149,0.280576
keras/engine/topology.py::154,0.280576
keras/engine/topology.py::156,0.280576
keras/engine/topology.py::159,0.280576
keras/engine/topology.py::162,0.280576
keras/engine/topology.py::165,0.280576
keras/engine/topology.py::248,0.280576
keras/engine/topology.py::249,0.280576
keras/engine/topology.py::252,0.280576
keras/engine/topology.py::253,0.280576
keras/engine/topology.py::254,0.280576
keras/engine/topology.py::255,0.280576
keras/engine/topology.py::256,0.280576
keras/engine/topology.py::257,0.280576
keras/engine/topology.py::258,0.280576
keras/engine/topology.py::262,0.280576
keras/engine/topology.py::263,0.280576
keras/engine/topology.py::269,0.280576
keras/engine/topology.py::270,0.280576
keras/engine/topology.py::271,0.280576
keras/engine/topology.py::272,0.280576
keras/engine/topology.py::273,0.280576
keras/engine/topology.py::274,0.280576
keras/engine/topology.py::275,0.280576
keras/engine/topology.py::276,0.280576
keras/engine/topology.py::278,0.280576
keras/engine/topology.py::279,0.280576
keras/engine/topology.py::281,0.280576
keras/engine/topology.py::282,0.280576
keras/engine/topology.py::285,0.280576
keras/engine/topology.py::287,0.280576
keras/engine/topology.py::288,0.280576
keras/engine/topology.py::309,0.280576
keras/engine/topology.py::312,0.280576
keras/engine/topology.py::343,0.280576
keras/engine/training.py::227,0.280576
keras/engine/training.py::230,0.280576
keras/engine/training.py::233,0.280576
keras/engine/training.py::235,0.280576
keras/engine/training.py::236,0.280576
keras/engine/training.py::237,0.280576
keras/engine/training.py::238,0.280576
keras/engine/training.py::242,0.280576
keras/engine/training.py::246,0.280576
keras/engine/training.py::251,0.280576
keras/engine/training.py::255,0.280576
keras/engine/training.py::280,0.280576
keras/engine/training.py::282,0.280576
keras/engine/training.py::443,0.280576
keras/legacy/interfaces.py::25,0.280576
keras/legacy/interfaces.py::26,0.280576
keras/legacy/interfaces.py::29,0.280576
keras/legacy/interfaces.py::32,0.280576
keras/legacy/interfaces.py::33,0.280576
keras/legacy/interfaces.py::43,0.280576
keras/legacy/interfaces.py::48,0.280576
keras/legacy/interfaces.py::49,0.280576
keras/legacy/interfaces.py::55,0.280576
keras/legacy/interfaces.py::87,0.280576
keras/engine/training.py::276,0.260304
keras/engine/training.py::277,0.260304
keras/engine/training.py::278,0.260304
keras/engine/training.py::279,0.260304
keras/backend/__init__.py::101,0.236793
keras/utils/test_utils.py::157,0.236793
